cell,query_cluster,predicted_ref_cluster
AAACGAACAAATCAGA-1,0,0
AAACGAATCCTCACTG-1,1,4
AAACGCTAGACATAGT-1,0,0
AAACGCTGTCCAAAGG-1,0,0
AAAGAACAGTTGGAAT-1,3,6
AAAGAACGTCAACCTA-1,1,4
AAAGAACGTGTAAATG-1,1,4
AAAGGATAGAAACACT-1,2,2
AAAGGATAGGATGGCT-1,1,2
AAAGGATAGTACAGCG-1,0,0
AAAGGATGTCTAACGT-1,0,7
AAAGGATGTGTATTGC-1,2,1
AAAGGGCAGCATTGTC-1,0,0
AAAGGGCAGTCATAGA-1,1,4
AAAGGGCGTACCGCGT-1,3,2
AAAGGGCGTCATAGTC-1,0,0
AAAGGGCTCCTACCAC-1,4,1
AAAGGTAAGTGCTAGG-1,6,9
AAAGGTAGTGTCCTAA-1,2,2
AAAGTCCCATTCAGGT-1,2,2
AAAGTCCGTACTGCCG-1,1,1
AAAGTCCGTGTTCGTA-1,0,4
AAAGTCCGTTCTTGTT-1,0,0
AAAGTGACAGAGGACT-1,2,2
AAATGGACAAGGATGC-1,1,4
AAATGGATCATACGAC-1,0,4
AACAAAGCAATGCAAA-1,2,2
AACAAAGCACCTCGTT-1,0,4
AACAAAGCATCCAACA-1,0,4
AACAACCAGACCCGCT-1,4,1
AACAACCAGGAGAGGC-1,2,2
AACAACCAGTCACTCA-1,0,0
AACAACCGTCTAGGTT-1,2,2
AACAACCTCTAGAACC-1,1,4
AACAACCTCTGCTAGA-1,0,0
AACAAGACAGGCTTGC-1,4,1
AACACACTCTCATAGG-1,2,2
AACAGGGAGCAATAAC-1,0,0
AACAGGGCACAGTGTT-1,0,1
AACAGGGGTACCTAAC-1,0,0
AACAGGGGTTGTGCAT-1,1,4
AACCAACAGCCTAGGA-1,3,6
AACCACACACAGCCTG-1,1,4
AACCACAGTTAAGGGC-1,0,4
AACCATGCACGCGCTA-1,2,0
AACCATGGTGCCCTTT-1,0,4
AACCCAAGTAAGTAGT-1,0,4
AACCCAATCCTAGCTC-1,3,6
AACCTGAAGTGGCGAT-1,0,0
AACCTGAGTGGGCTCT-1,3,2
AACCTGATCACAGAGG-1,0,8
AACCTGATCGAGGCAA-1,3,6
AACCTTTAGTGCGTCC-1,1,4
AACCTTTGTAGAGACC-1,0,0
AACCTTTTCCGTCAAA-1,0,0
AACGAAAGTCCGACGT-1,3,6
AACGAAATCTAGTACG-1,2,2
AACGGGAAGCAACCAG-1,1,4
AACGGGAAGGGCAGAG-1,1,4
AACGGGATCTATCGCC-1,0,0
AACTTCTCAGCGATTT-1,7,7
AACTTCTGTCGATTCA-1,0,0
AACTTCTTCGTAGTCA-1,3,6
AAGAACAGTAAGCGGT-1,2,2
AAGACAACATCGAGCC-1,0,0
AAGACAATCGCTTACC-1,2,2
AAGACAATCTTCTGTA-1,0,0
AAGATAGAGAGTGAAG-1,2,4
AAGATAGAGCCACCGT-1,3,2
AAGATAGAGCTTAAGA-1,1,4
AAGATAGAGTTACTCG-1,4,1
AAGATAGCAGCGTTTA-1,1,4
AAGATAGTCTCTCTAA-1,0,7
AAGCATCTCATTCTTG-1,1,4
AAGCATCTCGAGAGAC-1,1,4
AAGCATCTCTCTCCGA-1,0,4
AAGCCATGTGAGAACC-1,0,0
AAGCGAGAGTTGGAGC-1,4,7
AAGCGAGCAAGAGAGA-1,1,4
AAGCGAGGTAACATAG-1,0,0
AAGCGTTAGACTGTTC-1,3,2
AAGCGTTCAGAGTCTT-1,2,4
AAGCGTTTCTTAGCAG-1,2,2
AAGGAATAGCAACAGC-1,0,0
AAGGAATAGGGATCTG-1,1,2
AAGGAATGTGCGGATA-1,3,6
AAGGAATTCGGAATTC-1,3,6
AAGGTAATCCGTATAG-1,5,6
AAGGTAATCTCAGAAC-1,0,0
AAGTCGTCAAGTCCAT-1,0,0
AAGTCGTGTTCGTTCC-1,2,2
AAGTGAATCCGCGAGT-1,2,2
AAGTTCGCATCAGTCA-1,0,4
AATAGAGCAATAGTAG-1,0,0
AATCACGTCAGATTGC-1,0,0
AATCACGTCCGAGGCT-1,2,2
AATCACGTCTCAGAAC-1,2,4
AATGAAGAGTGAGCCA-1,0,0
AATGAAGTCGGTCGGT-1,0,0
AATGAAGTCTTTCAGT-1,2,4
AATGACCAGAGCAGAA-1,2,2
AATGACCCACTCTAGA-1,0,7
AATGACCTCATTCTTG-1,0,0
AATGCCAGTCAGTTTG-1,1,4
AATGCCATCTAGAGCT-1,7,2
AATGGAACAATTCTTC-1,3,6
AATGGAATCCCTAGGG-1,0,0
AATGGAATCGATCCAA-1,1,2
AATGGAATCTGTGCGG-1,0,7
AATGGCTCAAACTAAG-1,0,4
AATGGCTCACAATGAA-1,0,1
AATGGCTCAGATCCAT-1,0,0
AATGGCTTCGTAGTCA-1,3,6
AATTCCTAGAGTCTGG-1,0,7
AATTCCTCAAACCATC-1,1,4
AATTCCTGTGGAAATT-1,2,2
AATTTCCCATCCTTGC-1,4,1
AATTTCCTCTTCTAAC-1,7,2
ACAAAGAAGGTCGTCC-1,0,0
ACAAAGACACACGGTC-1,1,4
ACAACCAAGTTGGACG-1,0,0
ACAACCACAAAGCACG-1,0,1
ACAACCACATTGTCGA-1,0,7
ACAACCATCATGAGTC-1,4,4
ACAACCATCCGGCAAC-1,3,6
ACAACCATCGTTAGTG-1,0,0
ACAAGCTAGAGCAGCT-1,2,2
ACAAGCTGTGTACAGG-1,3,6
ACACAGTAGGCGTTAG-1,3,6
ACACAGTCAAGGCTTT-1,3,6
ACACAGTCAAGTCCCG-1,2,2
ACACAGTGTGCTCGTG-1,2,0
ACACCAACATCCCGTT-1,0,0
ACACCAAGTAGGACCA-1,1,4
ACACGCGGTTGTTGTG-1,1,4
ACACGCGTCTGCGAGC-1,2,2
ACACTGAAGGGCAATC-1,2,0
ACAGAAAAGATGAATC-1,0,4
ACAGAAAAGTATGAGT-1,0,0
ACAGCCGAGTCTTCCC-1,0,2
ACAGCCGCACACTGGC-1,5,6
ACAGGGACACTGGACC-1,1,4
ACAGGGAGTTATCCAG-1,4,7
ACAGGGATCTTTGCAT-1,3,2
ACATCCCAGGCCCAAA-1,4,1
ACATCCCCAGTTACCA-1,3,6
ACATCCCTCCTGGGAC-1,1,7
ACATCCCTCGGTGTAT-1,3,6
ACATCCCTCTACCCAC-1,0,0
ACATCGACAAGACGAC-1,1,4
ACATCGACAAGCTGTT-1,0,0
ACATCGAGTTGGCCGT-1,2,2
ACATGCAAGCACTCGC-1,3,6
ACATGCACACCGTACG-1,1,4
ACATGCACATGGCACC-1,0,0
ACATGCAGTGGAACAC-1,1,4
ACATGCAGTTCCTAAG-1,2,4
ACATGCATCCTGTAAG-1,1,4
ACATGCATCTATTTCG-1,0,0
ACATTTCCAATTGCTG-1,0,4
ACATTTCGTATGTGTC-1,3,6
ACCAAACAGGCAGTCA-1,3,4
ACCAACAAGGAGTATT-1,3,6
ACCAACAAGGTTGGAC-1,0,0
ACCAACAAGTAAATGC-1,0,7
ACCAACACACTGGATT-1,0,0
ACCACAAGTAACCCGC-1,5,9
ACCACAAGTATTCCGA-1,0,4
ACCACAATCCCAAGTA-1,0,4
ACCACAATCGGTGTAT-1,3,2
ACCATTTTCCAACCGG-1,1,4
ACCATTTTCCTCATAT-1,2,2
ACCATTTTCGTGGGAA-1,4,7
ACCCAAAAGACCATAA-1,0,7
ACCCAAACATAGACTC-1,0,0
ACCCTCACAATGTGGG-1,2,0
ACCCTTGAGCCTAACT-1,0,0
ACCGTTCAGAAGATCT-1,0,2
ACCTACCAGTTTCGGT-1,4,1
ACCTACCCAAACACCT-1,0,0
ACCTACCCAGCTATAC-1,0,0
ACCTACCCATGCGTGC-1,3,6
ACCTACCGTGGTAACG-1,6,9
ACCTACCTCTCGGTCT-1,0,4
ACCTGAACACGTAACT-1,0,8
ACCTGAATCGGTCAGC-1,1,4
ACCTGTCAGGCCTGAA-1,1,4
ACCTGTCAGTACAGCG-1,3,6
ACCTGTCCACCAGCGT-1,2,4
ACCTGTCGTATTTCCT-1,6,6
ACCTGTCGTTGTCCCT-1,1,0
ACGATCATCGGCTTCT-1,1,4
ACGATGTGTAGACGTG-1,1,4
ACGATGTTCAGAGTTC-1,0,7
ACGCACGAGTTGAAGT-1,0,4
ACGCACGTCTAGCAAC-1,1,4
ACGGAAGCAACAGTGG-1,3,6
ACGGAAGGTAGAGTTA-1,2,0
ACGGAAGGTTATCTGG-1,2,2
ACGGGTCGTCTAGATC-1,2,2
ACGGGTCGTTTGCAGT-1,0,0
ACGGTCGGTGAATTGA-1,3,6
ACGGTTAAGGCATCAG-1,2,2
ACGTAACAGAGCATCG-1,4,1
ACGTAACCAAGTTTGC-1,0,0
ACGTAACCATTCATCT-1,0,0
ACGTAACTCTGGGTCG-1,2,2
ACGTAGTCAAGCGCTC-1,1,4
ACGTAGTCAGGTCCCA-1,0,0
ACGTAGTCAGTGGTGA-1,6,9
ACGTAGTGTCGAAGCA-1,3,6
ACGTAGTGTGGTGATG-1,7,1
ACGTAGTGTTGTACGT-1,1,4
ACGTAGTTCGCCAACG-1,0,4
ACGTCCTAGGCCTGCT-1,0,0
ACGTCCTCACACCTAA-1,0,7
ACGTCCTGTATGGTTC-1,4,1
ACGTCCTTCTGGCCGA-1,2,2
ACGTTCCCACGCGCTA-1,0,0
ACGTTCCTCCATAAGC-1,2,2
ACGTTCCTCTCTAAGG-1,2,2
ACGTTCCTCTTCGTAT-1,0,1
ACTACGACATCGCTAA-1,1,4
ACTACGATCACACGAT-1,3,0
ACTATCTCAACCAACT-1,7,3
ACTATCTTCAGATGCT-1,0,7
ACTATGGAGCACTAAA-1,0,4
ACTATGGAGCTGACTT-1,4,1
ACTATGGAGGAACGCT-1,0,0
ACTATGGCACCCAAGC-1,0,0
ACTATGGGTCTCTCTG-1,3,6
ACTATGGGTTTAAGGA-1,0,4
ACTATTCAGCAGATAT-1,3,6
ACTATTCAGTCAACAA-1,3,6
ACTATTCGTGTGCTTA-1,2,2
ACTATTCTCCATAGAC-1,1,4
ACTATTCTCGGTTAGT-1,3,6
ACTATTCTCTAGTGTG-1,0,2
ACTCCCAGTCATCGCG-1,1,4
ACTCCCATCGGCTTCT-1,0,0
ACTCTCGAGATTTGCC-1,2,4
ACTCTCGCACCACATA-1,6,9
ACTCTCGTCAACTGAC-1,0,0
ACTCTCGTCGAGCACC-1,3,2
ACTGATGAGTATGATG-1,3,0
ACTGCAAAGCTCCGAC-1,0,0
ACTGCAAAGTGATTCC-1,0,0
ACTGCAAGTGAGGAAA-1,1,4
ACTGCAAGTTCCTAGA-1,0,0
ACTGCAATCCAACCAA-1,5,6
ACTGTCCAGGGAGGTG-1,0,0
ACTGTGAAGAGTGGCT-1,0,4
ACTGTGACAAATAAGC-1,0,4
ACTGTGAGTCGAGATG-1,3,6
ACTGTGATCATGAGTC-1,2,2
ACTTAGGAGACATACA-1,1,2
ACTTAGGCATGTCAGT-1,0,0
ACTTAGGTCACCCTGT-1,0,0
ACTTATCCAAGATCCT-1,2,2
ACTTATCCAAGGCAAC-1,4,7
ACTTATCGTACAGTCT-1,2,2
ACTTATCTCTCCTGCA-1,1,2
ACTTCCGCAATGCTCA-1,2,2
ACTTCCGCAGCGATTT-1,1,4
ACTTCGCCACATAACC-1,0,4
ACTTCGCCATGACGTT-1,1,4
ACTTCGCTCGCTTAAG-1,4,1
ACTTTCACAAGAGAGA-1,6,9
ACTTTCACATCTCCCA-1,5,6
ACTTTCACATTGACTG-1,1,4
ACTTTGTCACACGGTC-1,3,6
ACTTTGTGTCATTGCA-1,1,4
ACTTTGTGTGGTCAAG-1,3,2
AGAAATGAGAATTGTG-1,2,2
AGAAATGAGGAAACGA-1,0,0
AGAACAAAGGACTTCT-1,2,2
AGAACAAGTTGGGTAG-1,5,6
AGAACCTGTTGCATGT-1,2,2
AGAAGCGAGTAGATCA-1,0,0
AGAAGCGCACTACCGG-1,4,1
AGAAGTAAGACTCGAG-1,2,0
AGAAGTAGTCTGCCTT-1,4,7
AGAAGTAGTCTGGTTA-1,3,6
AGAAGTATCCCAAGCG-1,1,4
AGACACTAGCCAGTAG-1,1,4
AGACACTCACGTTGGC-1,1,4
AGACACTGTGCGGATA-1,0,4
AGACACTTCGAATCCA-1,1,4
AGACAGGAGACATAAC-1,0,0
AGACAGGGTCAGGTGA-1,2,2
AGACAGGGTCCCTGTT-1,2,2
AGACCATCAAACGAGC-1,3,6
AGACCATCAATCGCCG-1,0,4
AGACCATCAGAGGTAC-1,2,4
AGACCATGTGTCTTGA-1,4,1
AGACCCGAGAAACTGT-1,0,1
AGACTCAAGGGTACGT-1,3,6
AGACTCAGTAGCTTAC-1,0,0
AGAGAATCAGTGTATC-1,0,0
AGAGAATGTAAGGCCA-1,0,0
AGAGAATGTTGCACGC-1,2,2
AGAGAGCAGTAACGAT-1,3,6
AGAGAGCAGTGTGTTC-1,0,0
AGAGAGCCAAGTGGCA-1,0,0
AGAGAGCCACTGTGAT-1,0,0
AGAGAGCTCAACCTTT-1,0,4
AGAGCAGAGTGCTCGC-1,1,4
AGAGCAGGTCGTGCCA-1,1,4
AGAGCAGTCCGTGGTG-1,1,4
AGAGCAGTCGAGATGG-1,0,0
AGAGCAGTCGCATGAT-1,0,1
AGAGCCCAGAGAGTGA-1,0,0
AGAGCCCCAAGCCATT-1,0,7
AGAGCCCTCAAGCCTA-1,3,6
AGATCCAAGGTGCTGA-1,2,0
AGATCCATCAGCGGAA-1,0,0
AGATCGTCAACGGTAG-1,2,2
AGATCGTGTGCCTATA-1,0,0
AGATGAAAGCCATTCA-1,0,0
AGATGAACAAATCAGA-1,0,7
AGATGAATCGCCGATG-1,2,1
AGATGCTCACAGCTTA-1,4,1
AGCATCAAGGACAGCT-1,0,0
AGCATCAGTGGCTAGA-1,2,2
AGCATCATCTTCCCAG-1,3,2
AGCCAATAGGAGCTGT-1,2,2
AGCCAATGTCGCATGC-1,2,2
AGCCAATTCAGACCGC-1,2,4
AGCCACGAGGCCTGCT-1,0,2
AGCCAGCCACGATTCA-1,0,0
AGCCAGCCAGCGTATT-1,3,6
AGCCAGCGTCATCAGT-1,1,4
AGCGATTAGCGCTTCG-1,1,4
AGCGATTCAGGTGACA-1,2,2
AGCGATTTCCAATCCC-1,3,6
AGCGCCAAGAATTTGG-1,0,4
AGCGCCAAGGCCCACT-1,1,4
AGCGCCACAGCTCTGG-1,2,2
AGCGCCACATAAGATG-1,1,4
AGCGCCAGTCATATGC-1,1,4
AGCGCTGAGGTAAGGA-1,3,6
AGCGCTGCACAGTACT-1,1,2
AGCGCTGCACGACGAA-1,0,4
AGCGCTGTCGTACACA-1,0,0
AGCGTATAGAACTGAT-1,2,2
AGCGTATAGACTGTTC-1,0,4
AGCGTATAGTAATTGG-1,3,6
AGCGTATGTCGCTTGG-1,4,1
AGCGTATTCCTGCCAT-1,3,6
AGCGTATTCGACATCA-1,6,9
AGCGTCGCAGGCATGA-1,4,8
AGCTACAAGGATGTTA-1,2,2
AGCTACACAGAACTTC-1,1,2
AGCTACAGTCTCGCGA-1,1,4
AGCTACATCCTTACCG-1,2,2
AGCTCAACAAGGTACG-1,2,2
AGCTCAACAGGCCTGT-1,4,1
AGCTCAAGTCCAGAAG-1,2,2
AGCTCAAGTGTCCCTT-1,4,1
AGCTTCCAGAACAAGG-1,0,7
AGCTTCCAGGCGTTGA-1,0,4
AGCTTCCTCCAAATGC-1,0,8
AGCTTCCTCGTTAGTG-1,4,1
AGCTTCCTCTGGCCGA-1,0,0
AGGAAATAGAAGTATC-1,2,2
AGGAAATCACCAAAGG-1,2,2
AGGAAATCACTCTGCT-1,1,4
AGGAAATGTACCTATG-1,1,4
AGGAATAGTTCTGACA-1,2,2
AGGAATATCCTTCTGG-1,0,0
AGGACGAGTCTGCATA-1,0,4
AGGACGAGTGAGAGGG-1,1,4
AGGACGATCTCCGTGT-1,7,3
AGGACGATCTTTACAC-1,0,4
AGGACTTAGGTTCACT-1,2,2
AGGACTTGTAACGGTG-1,6,9
AGGACTTTCGTGCACG-1,1,4
AGGAGGTCAATAGGAT-1,1,2
AGGAGGTGTTCTGACA-1,1,4
AGGAGGTTCACTTGTT-1,0,0
AGGATAAAGCTAGCCC-1,4,1
AGGATAACAGGCCTGT-1,2,2
AGGATAACATGACCCG-1,4,9
AGGATAAGTTGGGAAC-1,1,4
AGGATAATCGTCCTTG-1,5,6
AGGATCTGTGGTCTAT-1,4,1
AGGCATTAGAATAGTC-1,3,6
AGGCATTAGCACACCC-1,3,6
AGGCATTAGGAAACGA-1,2,2
AGGCATTGTCTTCTAT-1,2,2
AGGCCACAGATGCTGG-1,2,1
AGGCCACAGCAGTAAT-1,0,0
AGGCCACCACGTCATA-1,4,6
AGGCCACGTGGAGAAA-1,0,4
AGGCCACTCCCATAGA-1,2,2
AGGCCACTCGAACGGA-1,0,0
AGGCTGCAGCCACTCG-1,0,4
AGGCTGCCATGGAAGC-1,0,0
AGGCTGCTCCGTGTGG-1,0,0
AGGCTGCTCTTACTGT-1,0,7
AGGGAGTCACAGTGTT-1,1,4
AGGGAGTCATAGAAAC-1,4,1
AGGGCCTAGCTCGACC-1,3,6
AGGGCCTCAACTGTGT-1,1,4
AGGGCCTCACGGCGTT-1,3,6
AGGGCCTGTGTCGCTG-1,6,9
AGGGCCTGTTCATCGA-1,2,2
AGGGCCTGTTCGGTCG-1,0,4
AGGGCTCCAAGACCGA-1,3,6
AGGGCTCCAGGGAATC-1,1,4
AGGGCTCGTTCTCCCA-1,2,2
AGGGCTCTCATGAGGG-1,1,4
AGGGTCCAGAAACTCA-1,0,0
AGGGTCCGTTACCTGA-1,0,8
AGGGTCCTCTCCGATC-1,3,6
AGGGTGAAGCTGACCC-1,3,6
AGGGTGAGTTTGGGTT-1,0,0
AGGGTGATCAGCTCTC-1,0,0
AGGGTTTAGCATGCGA-1,1,4
AGGGTTTTCTCAGTCC-1,0,0
AGGTAGGAGCTCCACG-1,0,8
AGGTAGGCACCTTCGT-1,2,2
AGGTAGGGTACCCAGC-1,4,0
AGGTAGGGTGGACTGA-1,1,2
AGGTAGGGTTGGCCGT-1,1,4
AGGTAGGTCAAGCCGC-1,2,2
AGGTAGGTCGCCAACG-1,0,7
AGGTCATAGTCAGAGC-1,3,6
AGGTCATCAGCACCCA-1,0,4
AGGTCATTCTCATTAC-1,1,4
AGGTCTAAGAATACAC-1,0,7
AGGTCTAAGCCTCACG-1,1,4
AGGTCTAAGTCAATCC-1,2,4
AGGTCTATCACGGAGA-1,1,4
AGGTCTATCAGCGCGT-1,1,4
AGGTGTTAGAACGCGT-1,0,0
AGGTGTTAGTGCACCC-1,1,4
AGGTGTTGTAACGGTG-1,1,4
AGGTGTTGTAGGTCAG-1,0,0
AGGTGTTTCCTAAGTG-1,3,6
AGGTTACGTGTTATCG-1,1,4
AGGTTACGTTGGGAAC-1,5,6
AGGTTACTCGGAATTC-1,0,4
AGGTTGTAGCTTGTTG-1,0,0
AGGTTGTCACACGCCA-1,3,6
AGTAACCAGGACGCTA-1,0,7
AGTAACCAGTGAATAC-1,1,4
AGTAACCCAACGGTAG-1,0,0
AGTAACCCAAGCTGCC-1,0,7
AGTACCACACGTAGTT-1,4,7
AGTACCACATATCGGT-1,3,6
AGTACCAGTCTTGTCC-1,1,4
AGTACTGAGAGTACCG-1,3,2
AGTACTGCATCGTCCT-1,2,2
AGTACTGCATTCGATG-1,3,6
AGTACTGGTATTGCCA-1,2,2
AGTAGCTAGTCCCGAC-1,0,4
AGTAGCTGTATCCCAA-1,0,0
AGTAGCTGTTAGAAAC-1,0,4
AGTAGCTTCCGTGTGG-1,0,0
AGTAGTCAGGTCCTGC-1,3,6
AGTAGTCCAAGGGCAT-1,0,4
AGTAGTCCACAGCCAC-1,1,4
AGTAGTCTCACAGAGG-1,4,1
AGTAGTCTCACGAACT-1,1,4
AGTCAACAGCATCCCG-1,1,4
AGTCAACAGCCTCATA-1,3,6
AGTCAACCAATCCTAG-1,2,2
AGTCAACGTACTTGTG-1,1,4
AGTCAACGTCAAGCCC-1,0,0
AGTCAACGTGAGGAAA-1,1,4
AGTCACAGTCGGCCTA-1,0,1
AGTCATGCATGATGCT-1,1,4
AGTCATGTCTTCGACC-1,5,6
AGTCTCCAGGACTGGT-1,4,9
AGTCTCCAGGTACAGC-1,2,2
AGTCTCCCAGAGGTTG-1,2,7
AGTCTCCGTATCCTTT-1,0,0
AGTGACTAGGATTTCC-1,3,6
AGTGACTAGGTAGGCT-1,3,6
AGTGACTGTAGCTGAG-1,0,0
AGTGATCTCAGATTGC-1,1,2
AGTGATCTCTTCCTAA-1,0,8
AGTGCCGGTAGTAAGT-1,2,1
AGTGCCGGTCTACACA-1,1,4
AGTGCCGTCGATAACC-1,1,4
AGTGCCGTCTGGGAGA-1,1,4
AGTGTTGAGGTCGCCT-1,2,2
AGTGTTGAGTCGCCCA-1,2,0
AGTGTTGCAGGAGACT-1,2,2
AGTGTTGGTAATCAGA-1,1,4
AGTTAGCCAACTGCCG-1,1,4
AGTTAGCCAATACGCT-1,1,2
AGTTAGCTCCACCTGT-1,0,0
AGTTAGCTCTCGTTTA-1,0,4
AGTTCCCCAAGATGGC-1,6,9
AGTTCCCGTGGACTGA-1,3,2
AGTTCCCTCGTTAGAC-1,1,4
AGTTCGAGTGATTGGG-1,3,6
ATACCGACAAAGGCTG-1,0,4
ATACCGACACAGACGA-1,1,2
ATACCGACAGCTGGTC-1,1,4
ATACCTTAGATGGTAT-1,1,4
ATACCTTAGGGTCACA-1,0,4
ATACCTTCAGAGGTTG-1,1,4
ATACCTTGTTTCTATC-1,0,0
ATACTTCCAGATACTC-1,0,0
ATACTTCGTCCTATAG-1,5,6
ATAGACCAGGTATCTC-1,1,4
ATAGACCCAGAAACCG-1,0,0
ATAGACCGTGTGTGTT-1,5,6
ATAGAGATCACTGGTA-1,0,0
ATAGAGATCATTACGG-1,0,7
ATAGAGATCTCGTCGT-1,3,2
ATAGGCTAGTATGAAC-1,4,1
ATAGGCTCATGTCGTA-1,1,4
ATAGGCTGTCATTCCC-1,3,6
ATAGGCTTCAGTAGGG-1,4,1
ATAGGCTTCCCATTCG-1,2,2
ATAGGCTTCGGCACTG-1,0,4
ATATCCTAGAGGTCAC-1,2,2
ATATCCTAGGTTAAAC-1,0,0
ATATCCTCAACTGGTT-1,1,4
ATATCCTCACTGAGTT-1,4,1
ATATCCTCAGGGAGAG-1,1,4
ATCACAGCAAGGTACG-1,3,2
ATCACAGGTCTACACA-1,0,0
ATCACAGGTGAGTTTC-1,2,4
ATCACGAGTAGCGAGT-1,2,2
ATCACGATCTACTCAT-1,0,7
ATCACTTGTGTCTTGA-1,3,6
ATCACTTTCGCTCATC-1,0,2
ATCAGGTAGGGTTTCT-1,4,0
ATCAGGTTCGCGTTTC-1,0,0
ATCATTCAGCATCCCG-1,0,0
ATCATTCAGTCCGTCG-1,0,0
ATCATTCCAGGCCCTA-1,0,0
ATCATTCGTACGATGG-1,2,1
ATCATTCTCTTGCGCT-1,2,2
ATCCACCGTTTCGATG-1,4,1
ATCCATTAGAGCGACT-1,0,4
ATCCATTAGCGACTAG-1,0,4
ATCCATTGTATCGTTG-1,2,2
ATCCATTGTGACCTGC-1,4,1
ATCCATTTCAAACCTG-1,0,0
ATCCCTGAGAACTTCC-1,1,4
ATCCCTGCATGGAACG-1,1,4
ATCCCTGGTGGCTGAA-1,3,6
ATCCCTGTCAATCCGA-1,0,0
ATCCGTCAGGAGACCT-1,1,4
ATCCGTCTCGGAAACG-1,0,4
ATCCTATCAGACATCT-1,2,1
ATCGATGCAATGCAAA-1,1,0
ATCGATGTCAGGAAGC-1,1,7
ATCGGATAGTGCCTCG-1,4,7
ATCGGATCAATAAGGT-1,1,4
ATCGGATTCCGTAGTA-1,0,0
ATCGTAGCAACGCATT-1,6,6
ATCGTAGCATCGAAGG-1,0,4
ATCGTCCAGCCTCACG-1,1,2
ATCGTCCCAGACATCT-1,1,4
ATCGTGAAGGTTCAGG-1,0,0
ATCGTGAGTCCATAGT-1,3,6
ATCGTGATCCGTCACT-1,3,6
ATCTCTACACCCATAA-1,4,7
ATCTCTAGTAGACAGC-1,1,7
ATCTCTAGTGGTAACG-1,2,4
ATCTCTATCACGACTA-1,2,2
ATCTTCAAGCGGACAT-1,4,1
ATGAAAGAGCGCCTAC-1,2,1
ATGAAAGAGTCGCGAA-1,3,6
ATGAAAGCAAAGACTA-1,2,4
ATGAAAGTCATTGCCC-1,3,6
ATGAAAGTCTCTGCTG-1,2,4
ATGACCAAGTGCGTCC-1,1,4
ATGACCAGTGGCATCC-1,0,0
ATGACCATCCCAGTGG-1,0,0
ATGAGGGGTTGCTCAA-1,1,4
ATGATCGAGGACAACC-1,2,2
ATGATCGCAAAGCAAT-1,6,6
ATGATCGCACTCATAG-1,1,2
ATGATCGCATTGCCTC-1,4,1
ATGCATGAGCTTGTGT-1,1,4
ATGCATGAGGCTCTAT-1,1,4
ATGCATGAGTGGACTG-1,2,0
ATGCATGCACGAAAGC-1,0,7
ATGCCTCCAAGTCCAT-1,0,0
ATGCCTCGTATGAAGT-1,4,1
ATGCCTCTCGACCATA-1,2,7
ATGCGATAGCTGAGTG-1,4,9
ATGCGATCAACACGAG-1,2,2
ATGCGATCAATTGAGA-1,4,1
ATGCGATGTATAGGGC-1,0,0
ATGCGATTCCGGACTG-1,0,1
ATGCGATTCGACGACC-1,1,4
ATGGAGGAGTCACGCC-1,3,2
ATGGAGGGTCTTACTT-1,5,1
ATGGAGGGTGCTATTG-1,2,0
ATGGGAGAGGGTGAAA-1,1,4
ATGGGAGCACTGTGAT-1,3,4
ATGGGAGCATCGGATT-1,0,4
ATGGGAGTCGGATAAA-1,1,4
ATGGGTTGTCGCATTA-1,2,0
ATGGGTTGTTTGGGAG-1,0,7
ATGGGTTTCCTACAAG-1,7,0
ATGGGTTTCGGCCCAA-1,3,2
ATGGTTGAGAGGTCAC-1,0,0
ATGGTTGCAGATACTC-1,2,2
ATGTCCCCAACAGCTT-1,1,4
ATGTCTTCATGGCTGC-1,0,0
ATGTCTTGTAGACGGT-1,1,2
ATGTCTTGTGCTTCAA-1,2,2
ATTACCTCAAATAGCA-1,0,0
ATTACCTGTTTGGAAA-1,0,0
ATTACCTTCAAGTCGT-1,0,0
ATTACCTTCTCGACGG-1,0,0
ATTACTCCACTACCGG-1,1,4
ATTACTCTCGTGGACC-1,2,2
ATTATCCAGCGTGTCC-1,6,9
ATTATCCAGGTAGCCA-1,3,6
ATTATCCGTCGTTTCC-1,1,4
ATTCACTCACTTGACA-1,1,4
ATTCACTGTATGGTAA-1,0,0
ATTCACTTCTCTAGGA-1,1,4
ATTCAGGAGTTAGAAC-1,1,4
ATTCAGGTCAGGAAAT-1,4,9
ATTCAGGTCGTTCATT-1,2,2
ATTCATCAGTAGCAAT-1,5,6
ATTCATCGTTGCCGAC-1,0,1
ATTCATCTCGTAGTGT-1,2,2
ATTCCATCACTGAGGA-1,0,7
ATTCCATCATGTTACG-1,6,9
ATTCCATGTCGCCACA-1,0,7
ATTCCATTCCCTTCCC-1,4,6
ATTCCCGAGACCATAA-1,1,4
ATTCCCGCAAGCCATT-1,5,6
ATTCCCGCACCAGTTA-1,3,6
ATTCCCGGTTGTTTGG-1,0,0
ATTCCCGTCACAACCA-1,6,9
ATTCCTAAGTTACGTC-1,1,4
ATTCCTAGTATGCGTT-1,3,6
ATTCCTAGTGTAACGG-1,4,2
ATTCGTTAGCGAACTG-1,2,2
ATTCGTTAGCTAGAGC-1,0,6
ATTCGTTAGGGAGTGG-1,0,0
ATTCGTTCACGACGTC-1,3,6
ATTCGTTTCGAGAGCA-1,1,4
ATTCTACAGGTGAGAA-1,4,1
ATTCTACAGTCGGCAA-1,0,4
ATTCTACTCCGCGATG-1,2,2
ATTCTTGAGAGCAACC-1,0,1
ATTCTTGGTTGTATGC-1,3,2
ATTCTTGTCTTTCAGT-1,0,0
ATTGGGTAGATGAATC-1,1,4
ATTGTTCAGTCCTGTA-1,2,2
ATTGTTCCAGAAGCTG-1,1,4
ATTGTTCCATACCGTA-1,0,0
ATTGTTCCATCGCCTT-1,0,0
ATTGTTCGTTAAACCC-1,0,0
ATTTACCCATTCACCC-1,0,1
ATTTACCTCAGCTTCC-1,0,0
ATTTACCTCCAGTGTA-1,3,6
ATTTCTGCAGCCGTCA-1,1,4
ATTTCTGGTACAATAG-1,0,0
ATTTCTGTCACTTATC-1,3,6
ATTTCTGTCCGACGGT-1,0,0
ATTTCTGTCTTACGTT-1,2,2
CAAAGAAAGATTCGAA-1,6,9
CAAAGAAAGTCTTCCC-1,0,4
CAAAGAACAACCCTCT-1,4,1
CAACAACTCGTGTCAA-1,4,1
CAACAGTAGCTTCGTA-1,4,1
CAACAGTAGTCAGCGA-1,3,6
CAACAGTCATAATGCC-1,4,1
CAACAGTGTCAACACT-1,3,6
CAACAGTGTCCGTACG-1,0,7
CAACCAAAGAGTCTTC-1,1,4
CAACCAAAGAGTTGAT-1,4,1
CAACCAAAGTGCGTCC-1,5,6
CAACCAACAACTCGAT-1,0,7
CAACCAACAGTCGCTG-1,0,0
CAACCTCAGAAACTGT-1,2,2
CAACCTCTCAGCCTCT-1,1,4
CAACCTCTCCGAAGGA-1,1,4
CAACGATAGGTTCCGC-1,4,4
CAACGGCGTGGCTTGC-1,3,6
CAACGGCTCGGAAGGT-1,0,0
CAAGACTAGTGCAGCA-1,0,4
CAAGACTCAAATTGGA-1,4,4
CAAGCTAAGCGACCCT-1,2,2
CAAGCTAAGGCCTTCG-1,0,0
CAAGCTACAAGATCCT-1,1,4
CAAGCTACAAGGTACG-1,2,2
CAAGCTAGTGGAAGTC-1,0,4
CAAGCTATCCACACCT-1,1,4
CAAGCTATCGCAAGAG-1,3,6
CAAGGGAAGTACCGGA-1,3,6
CAAGGGACACTACAGT-1,2,4
CAATACGAGACGAAGA-1,2,2
CAATACGAGGTTGGTG-1,0,0
CAATACGTCCTCACCA-1,0,0
CAATACGTCTGGGATT-1,0,0
CAATCGAAGGCCCGTT-1,3,6
CAATCGACAACGATTC-1,1,4
CAATGACAGCTGAAGC-1,3,6
CAATGACGTATGAGGC-1,2,4
CAATGACGTTTACGTG-1,2,2
CAATGACTCCTTACCG-1,0,0
CAATTTCAGGGTTGCA-1,4,1
CAATTTCAGTACCGGA-1,2,2
CAATTTCCAATGTCAC-1,1,4
CACAACAAGACCTTTG-1,3,4
CACAACACAATGCTCA-1,7,2
CACAACACAGAGTTCT-1,1,4
CACACAACATCTTTCA-1,1,4
CACACAAGTACATTGC-1,2,4
CACACAAGTACTCAAC-1,4,7
CACACAAGTTTAGAGA-1,5,6
CACACAAGTTTGACAC-1,0,0
CACAGATAGCGTTAGG-1,2,2
CACAGATCAGAGTTGG-1,1,2
CACAGATCATTGACCA-1,2,1
CACAGATGTCGAGCTC-1,0,0
CACAGATTCCTGCTAC-1,0,0
CACAGATTCGTCGGGT-1,2,2
CACAGGCAGCTATCTG-1,1,4
CACAGGCAGGTGAGCT-1,0,0
CACAGGCAGTCAGGGT-1,2,4
CACAGGCCACAGCCAC-1,1,4
CACAGGCCAGCGTTTA-1,1,2
CACAGGCCAGGCCTGT-1,1,0
CACAGGCGTGGTGATG-1,0,4
CACAGGCTCCCATTCG-1,1,4
CACAGGCTCCGAGGCT-1,0,0
CACAGGCTCGAATGCT-1,1,4
CACAGGCTCTCATTTG-1,2,2
CACATGAAGCTGAAAT-1,2,2
CACATGAAGTAACCGG-1,0,0
CACATGAGTGAGCCAA-1,5,6
CACATGATCCCAACTC-1,0,0
CACCAAAAGTAAACGT-1,2,0
CACCAAAAGTCCCGAC-1,1,4
CACCAAACAGGTGACA-1,0,0
CACCAAAGTCCAGCAC-1,3,6
CACCAAATCGTGGTAT-1,4,6
CACCGTTGTCGAATTC-1,0,0
CACCGTTTCTTGCGCT-1,2,2
CACCGTTTCTTGGTCC-1,2,2
CACGAATGTCCTTTGC-1,4,1
CACGAATTCATTCCTA-1,1,4
CACGAATTCTAACGCA-1,0,0
CACGTGGGTCTTTCTA-1,0,1
CACGTGGTCCTTCTGG-1,7,3
CACGTGGTCGCCTCTA-1,0,0
CACGTTCAGGCTATCT-1,0,0
CACGTTCAGGCTCCCA-1,3,6
CACGTTCCACAATTCG-1,1,4
CACGTTCCACGTTGGC-1,1,4
CACGTTCCAGTTCACA-1,0,0
CACGTTCTCTGAGGTT-1,1,4
CACTAAGCAACAAAGT-1,1,4
CACTGAAAGAATTCAG-1,5,6
CACTGAAGTCAGGTGA-1,0,0
CACTGAAGTGATAGTA-1,0,0
CACTGAATCATCACCC-1,3,6
CACTGAATCGGTAGAG-1,1,4
CACTGGGCAAGAGTAT-1,0,0
CACTGTCGTCACAGTT-1,2,2
CACTGTCGTTCGTACA-1,0,4
CACTGTCTCTCTCGAC-1,2,2
CACTGTCTCTGCCTGT-1,0,0
CAGAGCCAGCTAGTTC-1,1,4
CAGAGCCCAAGACGAC-1,0,0
CAGAGCCTCAAGGTGG-1,2,2
CAGATACTCCGTAGGC-1,3,6
CAGATACTCTGAGATC-1,1,4
CAGATCAAGGTTTACC-1,1,4
CAGATCACAATAGTCC-1,3,6
CAGCAATAGGGAGGAC-1,1,4
CAGCAATCACGTAGAG-1,4,1
CAGCAATTCAAGAATG-1,1,4
CAGCACGCAAATGATG-1,0,4
CAGCACGCATTCTCTA-1,1,4
CAGCACGGTCGCTTAA-1,2,2
CAGCACGTCTCGGTAA-1,1,4
CAGCAGCCATATACCG-1,4,1
CAGCCAGAGACTCGAG-1,0,4
CAGCCAGGTGAAAGTT-1,0,7
CAGCCAGTCCATTGTT-1,1,4
CAGCCAGTCCTTGAAG-1,3,2
CAGCCAGTCGGCTCTT-1,0,7
CAGGCCACAACGCATT-1,0,0
CAGGCCACAGATCCTA-1,0,0
CAGGCCAGTACTCGTA-1,1,4
CAGGTATCACCGCTGA-1,2,4
CAGGTATCATCGCTCT-1,0,8
CAGGTATTCAGCAATC-1,2,2
CAGGTATTCGGCTGGT-1,4,1
CAGGTATTCTAGACCA-1,1,4
CAGTTAGCACCAAATC-1,1,2
CAGTTAGCATCCCACT-1,2,2
CAGTTCCAGCCGTTAT-1,0,0
CAGTTCCCAAAGGGCT-1,3,6
CATAAGCCACACGGTC-1,1,4
CATAAGCTCCTCACTG-1,2,2
CATACAGAGTCTAGAA-1,2,2
CATACAGTCGGTAGGA-1,1,4
CATACCCCAGATTCGT-1,2,2
CATACCCCATGTTCGA-1,2,4
CATACCCGTGACTATC-1,0,0
CATACCCGTGGCACTC-1,4,1
CATACCCTCAGGTAAA-1,5,6
CATACTTCAAACTAGA-1,2,2
CATACTTCAATCGAAA-1,3,2
CATACTTCACGCTGTG-1,1,7
CATACTTGTATTCCTT-1,4,1
CATACTTTCGCCCAGA-1,1,4
CATAGACAGAACTCCT-1,6,9
CATAGACCATCGGCCA-1,0,7
CATCAAGAGATGGCAC-1,0,0
CATCAAGTCATGCCAA-1,5,6
CATCAAGTCCTACCGT-1,3,6
CATCCACGTAGGACCA-1,1,4
CATCCACGTGAGCAGT-1,6,9
CATCCCAGTGGCTTAT-1,3,6
CATCCCATCGAGCCTG-1,3,6
CATCCGTAGGACAGCT-1,2,2
CATCCGTCACCAATTG-1,2,2
CATCCGTCATCATTGG-1,0,0
CATCGCTAGCTCGGCT-1,0,4
CATCGCTCAGAGTGTG-1,1,4
CATCGCTTCCCGTAAA-1,0,4
CATCGGGGTATCGAGG-1,6,6
CATCGGGTCATTGCTT-1,0,4
CATCGTCCACTCACTC-1,3,6
CATCGTCCAGCTAACT-1,4,8
CATCGTCTCTTAATCC-1,0,0
CATGAGTCAGGTTTAC-1,6,9
CATGAGTCATATACCG-1,0,0
CATGAGTTCGTTTACT-1,1,4
CATGCAATCTTACACT-1,3,6
CATGCCTCATCCTTGC-1,0,0
CATGCCTTCTTACCGC-1,3,6
CATGCGGAGAATAACC-1,0,0
CATGCGGCAACTTGCA-1,1,4
CATGCGGCAAGTCCCG-1,0,0
CATGCGGCAGACTGCC-1,1,2
CATGCGGCATTAGGAA-1,0,0
CATGCTCCAACTGGTT-1,0,0
CATGCTCGTAAGGCCA-1,4,1
CATGCTCTCCACTTCG-1,6,9
CATGCTCTCTGGTTGA-1,1,4
CATGGATAGTAACAGT-1,1,4
CATGGATGTCCAATCA-1,3,6
CATGGATTCCCGAATA-1,2,2
CATGGATTCTTCCGTG-1,0,0
CATGGTACAAGAGATT-1,6,9
CATGGTACACCCGTAG-1,0,0
CATGGTACAGACTGCC-1,1,4
CATGGTATCGCCTATC-1,0,0
CATTCATCAAGCTACT-1,0,1
CATTCATTCGCGTCGA-1,5,6
CATTCCGCACAAATAG-1,1,4
CATTCCGGTGAAGCGT-1,2,2
CATTCTAAGCTTCTAG-1,2,2
CATTGAGAGAGTGTGC-1,4,7
CATTGAGGTAGTTAGA-1,7,1
CATTGAGTCACTGATG-1,2,2
CATTGAGTCGTTTACT-1,1,4
CATTGCCAGGTTGGTG-1,0,0
CATTGCCAGTATGATG-1,0,4
CATTGCCTCATAGAGA-1,6,6
CATTGTTTCTCGGCTT-1,2,2
CATTTCAAGAATCTAG-1,3,6
CATTTCAGTGTCGCTG-1,4,1
CATTTCATCCTTGGAA-1,0,0
CATTTCATCTACACTT-1,5,6
CCAAGCGGTTACGATC-1,2,2
CCAATGACAAGTGCAG-1,2,0
CCAATGACAAGTGGGT-1,1,4
CCAATGAGTCGTACAT-1,0,0
CCAATGAGTTCTGAGT-1,1,4
CCAATTTAGCGCCATC-1,2,2
CCAATTTCATGACAGG-1,4,7
CCAATTTCATGACTCA-1,2,2
CCACAAACACACTTAG-1,0,0
CCACAAAGTACTCCCT-1,6,9
CCACAAATCTTCGACC-1,0,9
CCACACTAGCATGCAG-1,3,6
CCACACTAGGGTCACA-1,1,4
CCACACTGTTTAAGGA-1,7,3
CCACCATAGACAACTA-1,5,6
CCACCATGTCGGCCTA-1,0,0
CCACCATGTGGTTTAC-1,4,4
CCACCATGTGGTTTGT-1,1,4
CCACCATGTTCGTACA-1,1,4
CCACGAGAGCACACAG-1,3,6
CCACGAGTCATGGTAC-1,2,2
CCACGAGTCGATACGT-1,1,4
CCACGTTAGTCGCGAA-1,2,4
CCACGTTCACATGACT-1,0,0
CCACGTTGTACCCAGC-1,1,4
CCACGTTGTTGTCCCT-1,0,0
CCACTTGCAAGACGGT-1,3,6
CCACTTGTCGTTTACT-1,4,0
CCATAAGAGCCTTTGA-1,2,6
CCATAAGAGGTAACTA-1,0,0
CCATAAGGTAGTCACT-1,2,6
CCATAAGGTCTAACTG-1,2,4
CCATCACAGATGCTGG-1,3,9
CCATCACGTCGAATTC-1,2,2
CCATCACGTGGCTCTG-1,0,0
CCATCACGTTTCAGAC-1,0,4
CCCATTGGTACTAACC-1,0,0
CCCATTGTCATAGGCT-1,3,6
CCCGGAACAATAGTCC-1,2,2
CCCGGAACACGACTAT-1,1,4
CCCGGAATCATTTCCA-1,0,0
CCCGGAATCGACACTA-1,0,4
CCCGGAATCGGTAGGA-1,0,4
CCCTAACCACTGAGGA-1,4,4
CCCTAACCACTTACAG-1,5,6
CCCTAACTCACTAGCA-1,0,0
CCCTCAAAGCACCTGC-1,0,4
CCCTCAAAGGCTATCT-1,7,2
CCCTCAACAGGCGAAT-1,1,4
CCCTCAACATATTCGG-1,4,1
CCCTCAAGTTTCAGAC-1,4,1
CCCTCTCAGTGGCGAT-1,1,4
CCCTCTCCAAATGATG-1,2,2
CCCTCTCGTACTGGGA-1,0,0
CCCTGATCATGCACTA-1,1,4
CCCTGATGTATGGAAT-1,0,1
CCCTGATTCAAGTCTG-1,0,0
CCCTGATTCACCGGTG-1,3,6
CCCTTAGGTAAGACCG-1,1,4
CCCTTAGGTTTGTTGG-1,1,4
CCCTTAGTCGGCTGGT-1,2,2
CCGAACGAGGTTCATC-1,0,7
CCGAACGAGTCATACC-1,3,6
CCGATCTCAAATCGTC-1,4,0
CCGATCTGTATCGCTA-1,0,1
CCGATGGGTAATCAGA-1,0,0
CCGATGGGTACAGTAA-1,0,0
CCGATGGGTGGCTGAA-1,2,2
CCGATGGGTTTGGGTT-1,4,9
CCGATGGTCTGGGTCG-1,0,1
CCGCAAGTCCGAAATC-1,0,4
CCGCAAGTCTTTGCGC-1,2,0
CCGGACAAGACGATAT-1,7,0
CCGGACAAGGCATCTT-1,4,1
CCGGACAAGGTAACTA-1,1,4
CCGGACACAGCACAGA-1,1,4
CCGGACATCGTCGCTT-1,4,4
CCGGGTAAGTTAGAAC-1,1,4
CCGGGTACACGCGTGT-1,2,2
CCGGGTACATAACCCA-1,1,4
CCGGGTATCCTATGGA-1,6,9
CCGGTAGAGAAACTGT-1,4,1
CCGGTAGGTCTTTCTA-1,3,6
CCGGTAGGTGATACCT-1,4,8
CCGGTGAGTTTCTATC-1,0,0
CCGTAGGAGCATGGGT-1,5,6
CCGTAGGAGTGAGGTC-1,0,0
CCGTGAGAGACCTCAT-1,3,6
CCGTGAGAGATCCGAG-1,0,7
CCGTGAGAGTGAGTGC-1,2,2
CCGTGAGCACAGTGTT-1,2,2
CCGTGAGTCCTTGACC-1,0,7
CCGTGAGTCTTTGCTA-1,6,9
CCGTTCAAGCACCAGA-1,4,7
CCTAACCCAGTCAGAG-1,2,2
CCTAACCCATGGGTCC-1,2,2
CCTAACCGTTACACTG-1,0,4
CCTAACCGTTCGCGTG-1,4,1
CCTAACCTCCGTAGTA-1,0,0
CCTAAGACACCCATAA-1,0,7
CCTACGTGTGGTTTAC-1,4,0
CCTACGTTCACGATAC-1,2,2
CCTACGTTCTGCTGAA-1,5,6
CCTATCGAGGAAGTAG-1,0,4
CCTATCGCAGACCAGA-1,7,6
CCTATCGTCACCTACC-1,1,4
CCTCAACTCTGTCCCA-1,0,0
CCTCACATCATCTATC-1,0,7
CCTCAGTCACAAGCTT-1,2,1
CCTCAGTGTGTGTGGA-1,0,0
CCTCAGTTCATTCGTT-1,5,6
CCTCATGTCTTCGATT-1,2,2
CCTCCAAAGGCTCCCA-1,1,4
CCTCCAACAGAACTCT-1,0,0
CCTCCAAGTGAATGAT-1,2,2
CCTCCAAGTTGCTTGA-1,0,0
CCTCCTCTCTCGGTCT-1,3,4
CCTCTAGCAGCTACAT-1,4,0
CCTCTAGCATGCCGCA-1,3,2
CCTCTCCAGACACACG-1,0,0
CCTCTCCAGGACGGAG-1,3,6
CCTCTCCAGGGCCAAT-1,3,6
CCTCTCCTCATGTCTT-1,1,4
CCTCTCCTCGGTAGAG-1,2,2
CCTGCATAGCTCGGCT-1,0,0
CCTGCATCATGGCCAC-1,4,1
CCTGCATGTCCATCTC-1,1,4
CCTGTTGAGACCATGG-1,1,4
CCTGTTGAGAGATCGC-1,1,4
CCTGTTGGTAGTCTGT-1,0,0
CCTGTTGGTTGAGGAC-1,4,1
CCTGTTGTCCCAAGCG-1,0,0
CCTTCAGAGGCACTAG-1,3,6
CCTTCAGGTGTGGACA-1,0,0
CCTTGTGAGGGTGAAA-1,0,0
CCTTGTGCAGCTTCGG-1,0,0
CCTTGTGGTGTCCACG-1,1,2
CCTTGTGTCGTGCTCT-1,4,2
CCTTTGGGTAAGAACT-1,2,6
CCTTTGGTCAAGTGGG-1,2,2
CGAAGGAAGTCTTGGT-1,1,4
CGAAGGAGTGTCGCTG-1,0,0
CGAAGGATCCCAATAG-1,4,8
CGAAGTTAGGTCTACT-1,4,1
CGAAGTTCAAGGGTCA-1,3,6
CGAAGTTCAATCTGCA-1,0,0
CGAAGTTGTCGACGCT-1,0,0
CGAATTGAGACATAAC-1,4,1
CGAATTGGTCATGACT-1,0,0
CGACAGCAGCCGAACA-1,1,4
CGACAGCAGGTCCTGC-1,5,6
CGACAGCCAAGTGTCT-1,3,6
CGACAGCCAGAAGTGC-1,3,6
CGAGAAGGTGAATGTA-1,1,4
CGAGAAGTCAGAGTGG-1,0,0
CGAGAAGTCCTATTTG-1,1,4
CGAGGAAAGACGAAGA-1,1,2
CGAGGAACAGAGGTAC-1,2,2
CGAGGCTGTACCAGAG-1,0,1
CGAGGCTTCAAAGACA-1,3,6
CGAGTGCCACCATAAC-1,2,2
CGAGTGCGTAACGTTC-1,4,7
CGAGTGCGTCGAGCAA-1,0,7
CGAGTTAAGGTCGAGT-1,0,0
CGAGTTACAACTCCAA-1,0,0
CGAGTTAGTTGCCTAA-1,0,7
CGATCGGCATATCTCT-1,0,0
CGATCGGGTCCGGCAT-1,0,0
CGATCGGTCCTTATCA-1,0,0
CGATGCGAGACTTCCA-1,3,6
CGATGCGAGAGAGCGG-1,2,2
CGATGCGTCGAGTACT-1,1,4
CGATGGCAGCACGTCC-1,2,4
CGATGGCAGCTAGTTC-1,0,0
CGATGGCAGTTGTCGT-1,2,2
CGATGGCGTCGATGCC-1,1,4
CGATGGCGTCTCAGAT-1,0,0
CGATGGCTCCAAGAGG-1,1,4
CGCAGGTAGACCTGGA-1,1,7
CGCAGGTCAAGCGAGT-1,0,4
CGCAGGTGTAGCTGAG-1,0,0
CGCAGGTTCAGGAAAT-1,1,4
CGCATAACAAAGTATG-1,0,0
CGCATAACATTGTGCA-1,1,4
CGCATAAGTACTCCGG-1,2,2
CGCATAAGTCTGCGCA-1,2,2
CGCATGGCAGAGATGC-1,1,4
CGCCAGACAGCTGTCG-1,2,2
CGCCAGAGTCGAGCTC-1,0,4
CGCCAGAGTGCCGAAA-1,0,0
CGCCAGATCTGAGATC-1,2,2
CGCCATTGTGCCTGAC-1,0,0
CGCCATTTCACGAGGA-1,4,1
CGCCATTTCCCATAAG-1,4,7
CGCCATTTCCCTTGGT-1,0,0
CGCGTGACAGTATACC-1,0,0
CGCGTGACATGTTCGA-1,0,0
CGCGTGAGTTGGAGAC-1,0,0
CGGAACCCACATTGTG-1,1,4
CGGAACCCACTCCCTA-1,0,4
CGGAACCCAGGAATCG-1,0,0
CGGAACCGTATTCTCT-1,0,0
CGGAACCGTCGAACAG-1,1,4
CGGAACCTCTAAGAAG-1,3,6
CGGAATTAGACCGCCT-1,2,2
CGGAATTGTTACACTG-1,7,1
CGGAATTTCCGGCAGT-1,2,7
CGGACACCAGAGTAAT-1,0,0
CGGACACCAGTACTAC-1,0,7
CGGACACTCGCCAGTG-1,1,4
CGGACACTCTCCGATC-1,3,0
CGGAGAAGTTTCTATC-1,7,3
CGGAGAATCACCTCGT-1,0,0
CGGCAGTCAGTTGTTG-1,0,0
CGGCAGTGTGTGAATA-1,0,0
CGGGACTAGGGAGGGT-1,3,6
CGGGACTCATCCGATA-1,5,6
CGGGACTGTGCAGGAT-1,0,0
CGGGACTGTGCTATTG-1,0,4
CGGGACTGTTCGGTTA-1,3,6
CGGGACTGTTTGTGGT-1,0,4
CGGGCATAGAATAGTC-1,3,6
CGGGCATAGGTCATCT-1,2,2
CGGGCATCATCTGCGG-1,3,6
CGGGTCAAGACATACA-1,0,0
CGGGTCAGTCGTATGT-1,2,2
CGGGTCAGTCTCTCTG-1,0,0
CGGGTCATCGTTACCC-1,0,0
CGGGTGTAGGCTCCCA-1,2,2
CGGGTGTTCGCATGAT-1,2,4
CGGTCAGGTCCACATA-1,0,0
CGGTCAGGTCCTACAA-1,4,1
CGGTCAGTCACATTGG-1,1,4
CGGTCAGTCGAACGGA-1,1,4
CGTAATGCAGCGGATA-1,5,6
CGTAATGGTCACTAGT-1,1,4
CGTAGTAAGACGGTCA-1,0,8
CGTAGTAAGGCTTAGG-1,0,4
CGTAGTACATCACAGT-1,0,0
CGTAGTAGTAACCAGG-1,6,9
CGTAGTATCAAGTGGG-1,0,7
CGTAGTATCTCCGAGG-1,1,4
CGTCAAAAGCTGCCAC-1,0,1
CGTCAAAAGGAACTCG-1,0,4
CGTCAAACAAGTATCC-1,4,9
CGTCAAACAATGGCAG-1,2,2
CGTCCATAGAAGCGAA-1,1,4
CGTCCATAGTATAACG-1,2,2
CGTCCATTCGGCAGTC-1,1,4
CGTGAATCAACCCTCT-1,3,6
CGTGAATCACCAATTG-1,0,7
CGTGAATCAGAGGCAT-1,0,7
CGTGAATGTTAGCGGA-1,3,6
CGTGAATTCTATCCAT-1,1,4
CGTGATAAGCACGGAT-1,2,2
CGTGATATCAGCCTCT-1,0,0
CGTGCTTAGGCTGGAT-1,0,4
CGTGTCTCACCAAAGG-1,0,7
CGTTAGAAGAGCTGAC-1,4,1
CGTTAGAGTGCCTACG-1,2,2
CGTTCTGAGATCGCTT-1,0,0
CGTTCTGCAAGGCGTA-1,1,4
CGTTCTGGTGAGTTGG-1,5,6
CGTTGGGCAAGGCCTC-1,2,2
CTAACCCAGGAATTAC-1,0,1
CTAACCCAGGCTGGAT-1,0,0
CTAACCCAGTGTTGTC-1,1,4
CTAACCCTCTGAGAAA-1,0,0
CTAACTTGTGAGAGGG-1,4,8
CTAAGTGAGAGTCTTC-1,0,4
CTAAGTGAGCATCCCG-1,2,0
CTAAGTGAGGATGCGT-1,2,2
CTAAGTGAGTCAACAA-1,1,4
CTACATTAGCACGATG-1,3,6
CTACCCACATTGACCA-1,2,6
CTACCCATCCTTGAAG-1,0,0
CTACCCATCGAGAGAC-1,1,4
CTACCTGAGCCGTAAG-1,0,4
CTACCTGCAACACACT-1,0,0
CTACCTGGTTGCTTGA-1,7,2
CTACGGGAGCTCCGAC-1,0,0
CTACGGGAGTAACGAT-1,1,4
CTACGGGGTACGCTAT-1,4,1
CTACGGGGTCTCAGGC-1,4,1
CTACGGGGTGTTCGTA-1,2,2
CTACTATAGACCAAAT-1,1,2
CTACTATAGCCTCAAT-1,2,4
CTACTATGTCCAGCAC-1,3,0
CTACTATTCTTTACAC-1,2,4
CTAGACATCTGGTGCG-1,3,6
CTAGGTAGTAGAGTTA-1,1,4
CTATAGGAGCGCTGCT-1,1,4
CTATAGGCAAGCCATT-1,2,1
CTATAGGTCAAGGTGG-1,2,0
CTATCCGAGTCCCTAA-1,1,2
CTATCCGCAACCGGAA-1,0,8
CTATCCGCAAGAGCTG-1,0,0
CTATCCGCAGGACTTT-1,0,0
CTATCCGTCTCCACTG-1,3,6
CTATCCGTCTTAGTTC-1,0,0
CTATCTACAAATAAGC-1,0,0
CTATCTAGTAGACGTG-1,1,4
CTATCTAGTATCAGCT-1,4,7
CTATCTAGTGTTCCTC-1,0,4
CTATCTATCATCTACT-1,0,0
CTCAACCTCACGTCCT-1,0,0
CTCAAGAAGCAGGTCA-1,4,4
CTCAAGACAAGACTGG-1,0,0
CTCAAGAGTTCATCTT-1,1,4
CTCAAGATCACTGGGC-1,1,4
CTCAATTCAGTTGTTG-1,2,2
CTCAATTGTAAGTTAG-1,0,0
CTCAATTGTATGAGCG-1,1,4
CTCACTGCATACCACA-1,0,0
CTCACTGTCAAAGGAT-1,0,0
CTCAGAAAGTATGTAG-1,2,2
CTCAGAACATCACGGC-1,1,4
CTCAGAATCGAAGTGG-1,3,6
CTCAGAATCGTTGTGA-1,2,2
CTCAGGGAGATGAACT-1,3,6
CTCAGGGGTCACTTCC-1,0,4
CTCAGGGGTTCTCTCG-1,3,6
CTCAGTCGTCACTCGG-1,3,6
CTCAGTCTCAAATGAG-1,0,4
CTCATCGAGCCTTTGA-1,6,6
CTCATCGAGGAGGGTG-1,2,2
CTCATCGGTAACAGTA-1,0,0
CTCATCGGTCCAAATC-1,3,6
CTCATCGTCGAGCCAC-1,1,4
CTCATGCAGTCTACCA-1,0,7
CTCATGCAGTGCTCGC-1,2,2
CTCATGCCATATGGCT-1,7,7
CTCATTAGTCACTCGG-1,0,0
CTCCAACCACTATCGA-1,1,4
CTCCAACGTACTCAAC-1,1,4
CTCCAACGTGTAAACA-1,0,0
CTCCACATCTCGGCTT-1,0,0
CTCCATGAGCAGGTCA-1,0,7
CTCCATGCAAAGGCGT-1,1,4
CTCCATGCACTTCCTG-1,1,4
CTCCATGGTGCGGCTT-1,3,6
CTCCATGGTGTTAGCT-1,1,4
CTCCATGGTTTACTTC-1,0,7
CTCCCAAAGAGCAGTC-1,2,2
CTCCCAAAGCTGGCTC-1,0,0
CTCCCAAAGTAAACAC-1,2,2
CTCCCAAAGTACCGGA-1,0,1
CTCCCAACAGTGGGTA-1,4,9
CTCCCAAGTCAGGTGA-1,0,4
CTCCCTCCAATCGCGC-1,1,4
CTCCCTCCAGAGTTGG-1,4,7
CTCCCTCGTAGTCCTA-1,0,0
CTCCGATAGTAACGTA-1,1,4
CTCCGATGTACGGCAA-1,1,4
CTCCTCCAGATTGATG-1,2,2
CTCCTTTAGCGATGAC-1,2,2
CTCCTTTCAAGTGTCT-1,0,0
CTCCTTTCAGACGATG-1,1,4
CTCGAGGGTTAAGAAC-1,2,2
CTCTCAGGTGAGCAGT-1,2,2
CTCTCGACAGGCACAA-1,2,0
CTCTCGACAGTAGAGC-1,2,2
CTCTCGAGTCTCTCCA-1,0,0
CTCTCGATCACATTGG-1,0,4
CTCTCGATCGAGTACT-1,3,6
CTCTGGTGTAGACAAT-1,0,0
CTCTGGTGTGAGACCA-1,0,4
CTGAATGAGGACTAAT-1,1,2
CTGAATGAGTTCCATG-1,6,0
CTGAATGCAGGTGAGT-1,1,4
CTGAGCGAGTGCCGAA-1,0,4
CTGAGCGTCACATCAG-1,2,0
CTGAGGCCAAGCTGTT-1,0,0
CTGAGGCGTAGGAGGG-1,1,4
CTGAGGCTCTAAGCCA-1,1,4
CTGCAGGAGGGAGAAT-1,2,2
CTGCAGGCAGGGAGAG-1,2,2
CTGCAGGTCTCAGAAC-1,0,4
CTGCATCAGAGGTGCT-1,2,6
CTGCATCCAAGCTACT-1,3,6
CTGCATCTCGAGATAA-1,0,0
CTGCATCTCTCACGAA-1,2,2
CTGCCATCAGCAGATG-1,2,2
CTGCCATCATCCCACT-1,0,0
CTGCCATTCCACAAGT-1,0,7
CTGCCTAAGGGCAAGG-1,0,7
CTGCCTACAGTAGAAT-1,6,0
CTGCGAGCACCAGCCA-1,0,4
CTGCGAGTCCGCTTAC-1,5,6
CTGCTCAGTGTGTGTT-1,1,4
CTGGACGAGATCGCCC-1,1,4
CTGGACGCAGTAACCT-1,1,2
CTGGACGCATGAATAG-1,0,0
CTGGACGGTGGTATGG-1,1,4
CTGGCAGAGTAGTGCG-1,3,6
CTGGCAGCAGTGCGCT-1,2,6
CTGGCAGGTATTCCTT-1,1,4
CTGGCAGGTCAAGCCC-1,1,4
CTGGTCTAGTCTTCCC-1,6,9
CTGGTCTCAAATTGCC-1,4,8
CTGGTCTCAACCCGCA-1,1,0
CTGGTCTCACCGTCTT-1,2,2
CTGGTCTCATGGCACC-1,0,0
CTGGTCTTCTACAGGT-1,1,4
CTGGTCTTCTGCGGCA-1,2,4
CTGTACCAGTAAATGC-1,0,0
CTGTACCCACGCCACA-1,1,4
CTGTACCCACGGTGTC-1,0,0
CTGTACCGTGTTAACC-1,2,2
CTGTATTCACGCGCTA-1,2,2
CTGTATTGTGAGTTGG-1,0,0
CTGTATTTCATGCGGC-1,0,0
CTGTCGTAGAGTTGCG-1,3,6
CTGTCGTCACGACGAA-1,3,6
CTGTCGTCAGTGTACT-1,1,4
CTGTCGTGTGAGGAAA-1,3,2
CTGTCGTTCTAGTGAC-1,0,4
CTGTGAAAGTGGCGAT-1,4,1
CTGTGAAGTTTAGAGA-1,2,2
CTGTGGGCACACTGGC-1,4,9
CTGTGGGCAGTAACGG-1,2,2
CTGTGGGCATATCTGG-1,3,8
CTGTGGGGTCGTATGT-1,1,4
CTGTGGGTCTTCCACG-1,2,2
CTTACCGCAAGGAGTC-1,0,0
CTTACCGGTACCCGCA-1,1,4
CTTAGGACAATAGGAT-1,1,4
CTTAGGAGTACTAGCT-1,2,2
CTTCAATAGCAACAGC-1,3,6
CTTCAATAGTATTAGG-1,0,7
CTTCAATCAGAACATA-1,0,7
CTTCAATTCCCATGGG-1,1,0
CTTCAATTCTCAATCT-1,2,4
CTTCCGAAGTGCGCTC-1,2,0
CTTCCGAAGTGTGTTC-1,0,4
CTTCCGACAGATCCTA-1,0,0
CTTCCGAGTCTGTCCT-1,0,7
CTTCCGATCTTCTAAC-1,5,6
CTTCCTTCAGAGGCTA-1,1,4
CTTCCTTGTTTGTGGT-1,3,6
CTTCCTTTCGAGTGAG-1,0,7
CTTCCTTTCTACGGGC-1,5,6
CTTCGGTAGCTGTCCG-1,6,9
CTTCGGTCACTGTGAT-1,7,3
CTTCGGTCATGTTTGG-1,2,6
CTTCGGTTCACTGGTA-1,3,2
CTTCGGTTCAGTGTCA-1,1,2
CTTCTAAAGAATCGCG-1,0,0
CTTCTAAGTCTTTCTA-1,0,0
CTTCTAATCGTTGCCT-1,0,0
CTTCTCTCAACGGGTA-1,6,9
CTTCTCTCATGGGTTT-1,0,7
CTTGAGAAGTAAGGGA-1,3,6
CTTGAGACACGTCTCT-1,1,4
CTTGAGATCCCGATCT-1,2,2
CTTGATTAGTTAACAG-1,3,6
CTTGATTGTCCTCCAT-1,1,4
CTTTCAAAGACCTCAT-1,1,4
CTTTCAAAGCACTGGA-1,2,4
CTTTCAAAGGATATAC-1,2,2
CTTTCGGGTCACAGAG-1,2,2
CTTTCGGGTCTCGACG-1,1,2
GAAACCTAGGTAGTCG-1,0,0
GAAACCTGTCTGTGGC-1,0,0
GAAACCTGTTCTTCAT-1,3,6
GAAACCTGTTGACTAC-1,2,2
GAAATGACAATATCCG-1,1,4
GAAATGAGTTTGACAC-1,2,6
GAACACTAGTCACTAC-1,3,6
GAACACTGTTAGCGGA-1,1,4
GAACACTGTTCACCGG-1,2,2
GAACGTTAGTGATAAC-1,2,7
GAACGTTCAAAGACGC-1,0,4
GAACGTTCAAGAAACT-1,0,0
GAACGTTCAAGTGGCA-1,1,4
GAACGTTCAATACCTG-1,7,2
GAACGTTGTCTTCAAG-1,2,2
GAACGTTTCCTGATAG-1,0,0
GAACTGTAGATGCTTC-1,5,6
GAACTGTCAATTGCTG-1,2,6
GAACTGTCAATTTCCT-1,1,4
GAACTGTGTCCCGGTA-1,2,2
GAACTGTTCAACCGAT-1,6,9
GAAGAATAGTACAGAT-1,3,6
GAAGAATCAGAGGACT-1,1,4
GAAGAATTCGAACGGA-1,2,4
GAAGCCCTCACGGAGA-1,7,6
GAAGCCCTCGCCGTGA-1,0,4
GAAGCGAAGCCATTCA-1,1,4
GAAGCGATCGAACGCC-1,0,7
GAAGGACAGTTATGGA-1,1,4
GAAGGACCAACTCCAA-1,1,4
GAAGGACGTTCGGCCA-1,3,6
GAAGGGTCATAATCCG-1,0,7
GAAGGGTCATAGCTGT-1,0,0
GAAGGGTTCATGCAGT-1,1,2
GAAGGGTTCTCCGCAT-1,3,6
GAAGTAACAGTGTACT-1,2,2
GAAGTAATCACGGGCT-1,1,2
GAATAGAAGGAGCTGT-1,2,2
GAATAGACACAGAAGC-1,4,1
GAATCACTCATGAAAG-1,3,0
GAATCGTGTCTCCCTA-1,6,9
GAATCGTTCTGGGCCA-1,1,4
GACACGCAGCGTTACT-1,2,2
GACACGCCACCATAAC-1,0,0
GACACGCGTCTGCAAT-1,1,4
GACACGCTCAATCTCT-1,0,0
GACAGCCGTCCAGCAC-1,2,2
GACAGCCGTCCTACGG-1,1,4
GACATCAAGGTAAGAG-1,0,4
GACATCATCCAGCCTT-1,1,4
GACCAATCAGTATTCG-1,0,1
GACCAATGTAGCTTTG-1,5,9
GACCAATGTGCATCTA-1,0,0
GACCAATTCCGAGAAG-1,4,1
GACCCAGGTACTAACC-1,2,1
GACCCAGGTTTCGATG-1,3,6
GACCCAGTCAGCAGAG-1,2,2
GACCCTTAGTTCTACG-1,1,4
GACCCTTCACAATGTC-1,2,2
GACCCTTCATCTTCGC-1,3,0
GACCCTTGTACCCAGC-1,2,2
GACCCTTTCTACTGAG-1,5,9
GACCGTGAGGTAATCA-1,3,0
GACCTTCCAAGAAACT-1,0,4
GACCTTCGTAGCTTAC-1,1,4
GACGTTAAGAAATTCG-1,2,4
GACGTTACAATCAAGA-1,4,6
GACGTTAGTTATCTTC-1,0,0
GACTATGTCATCTCTA-1,4,1
GACTCAAAGATCCCAT-1,2,6
GACTCAAAGGGTGGGA-1,1,4
GACTCAATCCTTGGAA-1,2,2
GACTCAATCGATGGAG-1,1,4
GACTCTCAGACTGGGT-1,0,0
GACTCTCCATCGATAC-1,1,4
GACTCTCGTTGCAACT-1,0,7
GACTCTCTCACAATGC-1,3,2
GACTCTCTCAGCGTCG-1,4,1
GACTGATCAACCGGAA-1,1,4
GACTGATGTCTCAGAT-1,0,0
GACTGATTCTGGCTGG-1,1,2
GACTTCCCAAGGAGTC-1,0,4
GACTTCCCACCCTAGG-1,3,6
GACTTCCCACGGTGCT-1,1,4
GACTTCCGTATGAGGC-1,0,0
GACTTCCTCTAGGCCG-1,2,2
GAGAAATGTCCTATAG-1,0,7
GAGAAATGTCTGTGCG-1,0,0
GAGAAATTCATCCTAT-1,0,1
GAGACCCGTCAAAGAT-1,0,0
GAGACCCGTTGCAACT-1,0,7
GAGACCCTCGGCCCAA-1,5,6
GAGACTTAGAATTGTG-1,2,2
GAGACTTCACGCGCTA-1,2,2
GAGACTTCAGCTCCTT-1,0,0
GAGACTTCAGTAGATA-1,0,0
GAGACTTTCGCCAGTG-1,0,4
GAGATGGAGGCCCAAA-1,0,0
GAGATGGAGTGCACAG-1,4,0
GAGATGGCAATTGCTG-1,0,0
GAGATGGGTACAAAGT-1,2,2
GAGCCTGAGTCACTAC-1,1,4
GAGCCTGGTAACATCC-1,0,0
GAGCCTGGTCCAATCA-1,2,2
GAGGCAAAGCGCCGTT-1,0,0
GAGGCAAAGCTCCATA-1,0,4
GAGGCAACACGCTATA-1,4,7
GAGGCAACAGCGTTTA-1,0,0
GAGGCAAGTGATACCT-1,2,2
GAGGCAATCCATCTCG-1,2,2
GAGGCAATCTCCGCAT-1,2,0
GAGGCCTCAGGTGTGA-1,1,4
GAGGCCTTCCATTTAC-1,2,1
GAGGCCTTCTATACGG-1,3,6
GAGGGATAGGCGTTGA-1,3,9
GAGGGATAGTGGTGGT-1,0,7
GAGGGTAGTACTTCCC-1,0,0
GAGTCATAGCTCGAAG-1,3,6
GAGTCATAGTTCCGTA-1,2,4
GAGTCATGTTCGTACA-1,1,4
GAGTCATGTTGGACCC-1,1,4
GAGTCTAAGACTACGG-1,0,4
GAGTCTAGTCATGACT-1,3,6
GAGTCTATCGCGTGAC-1,3,6
GAGTGAGAGTGCGACA-1,3,4
GAGTGAGCAGTTCTAG-1,1,4
GAGTGAGCATAGGAGC-1,0,0
GAGTGAGTCCTTATCA-1,0,0
GAGTGAGTCGAGAAAT-1,4,1
GAGTGAGTCTCGTTTA-1,2,2
GAGTTACCAGGCGTTC-1,2,2
GAGTTACGTCTGATCA-1,1,4
GAGTTACTCTCCCATG-1,2,2
GAGTTTGCAACGACAG-1,2,4
GAGTTTGCAGCAGTCC-1,4,1
GAGTTTGCAGTACTAC-1,2,2
GAGTTTGGTATGAGGC-1,2,4
GAGTTTGGTTGTCCCT-1,4,1
GATAGCTGTAGGTGCA-1,1,4
GATAGCTTCCCTCGTA-1,6,9
GATCAGTAGCTGCCTG-1,1,4
GATCAGTCAGATCCAT-1,0,4
GATCAGTTCGGACAAG-1,0,0
GATCAGTTCTCGCGTT-1,2,2
GATCATGCACGACGTC-1,2,2
GATCATGGTACAGGTG-1,0,0
GATCATGTCTCCATAT-1,2,2
GATCCCTAGAGCAACC-1,0,0
GATCCCTAGATAGCTA-1,0,0
GATCCCTCAGTTCTAG-1,0,0
GATCCCTGTCGTGCCA-1,2,2
GATCGTAGTACTGACT-1,2,4
GATCGTAGTGTTCCTC-1,4,1
GATCGTATCTGAGGCC-1,1,4
GATGAGGCATTCACCC-1,0,0
GATGATCTCAGCTCTC-1,1,0
GATGGAGGTAGAATAC-1,0,0
GATGTTGAGAAGTCAT-1,6,6
GATGTTGAGCGGCTCT-1,4,7
GATGTTGCAGAGGAAA-1,4,6
GATGTTGGTAACATAG-1,0,0
GATGTTGGTTACACAC-1,2,2
GATGTTGTCCGGTTCT-1,0,1
GATTCGAAGCATCGAG-1,0,0
GATTCGAGTCGAGCTC-1,3,6
GATTCGATCTCATAGG-1,2,2
GATTCTTTCAATCTTC-1,0,2
GATTCTTTCCTCTAAT-1,2,2
GATTCTTTCGTCGATA-1,0,0
GATTGGTAGAATTGCA-1,4,7
GATTGGTAGCCAACCC-1,2,2
GATTGGTGTGTGGACA-1,0,0
GATTGGTTCCCGTGAG-1,0,0
GATTGGTTCTAGTGTG-1,1,2
GATTTCTTCTAAGAAG-1,3,6
GCAACATAGTCATGCT-1,0,0
GCAACATGTACGGTTT-1,0,4
GCAACATGTCGGCTAC-1,0,0
GCAACATTCAACCTTT-1,2,6
GCAACCGAGAGACAAG-1,0,4
GCAACCGAGAGAGAAC-1,4,1
GCAACCGCATCTGCGG-1,2,2
GCACATAAGGTTTACC-1,2,4
GCACATACATGTGGCC-1,0,0
GCACATAGTAGGTCAG-1,0,0
GCACATATCGGAAGGT-1,2,0
GCACGGTAGAGTTGCG-1,0,0
GCACGGTCACGACGCT-1,2,1
GCACGGTGTCTTGAGT-1,0,7
GCACGGTGTGGCCCAT-1,3,6
GCACGTGAGATAGCAT-1,1,4
GCACGTGAGCGTTCCG-1,2,2
GCACTAAGTTAATGAG-1,2,2
GCAGCCACAGTCGAGA-1,0,0
GCAGCCATCGAGCCAC-1,2,2
GCAGCTGAGACCATTC-1,2,1
GCAGCTGAGGTGGTTG-1,0,4
GCAGCTGGTGTGTCCG-1,1,4
GCAGCTGTCGGACAAG-1,0,0
GCAGCTGTCGTTTACT-1,7,2
GCAGGCTTCACGACTA-1,2,2
GCAGGCTTCCAAAGGG-1,2,2
GCAGTTAAGAAGGGAT-1,0,4
GCAGTTAAGCGATGGT-1,2,2
GCAGTTACATGACCCG-1,0,0
GCAGTTATCACACCGG-1,0,0
GCAGTTATCGGTGAAG-1,0,0
GCATCGGAGCACTCTA-1,0,0
GCATCGGCATAGAGGC-1,0,0
GCATCGGGTCGTATGT-1,2,7
GCATCGGTCACCTCAC-1,3,6
GCATCGGTCGCATTAG-1,4,1
GCATCTCGTTCGAGCC-1,0,0
GCATCTCTCGACGATT-1,2,2
GCATGATAGATGAAGG-1,0,4
GCATGATCAAGTGCTT-1,2,2
GCATGATCACCCTATC-1,4,1
GCATGATCATCCAATG-1,1,4
GCATGATGTACGGCAA-1,3,6
GCATTAGAGGGAACAA-1,2,2
GCATTAGTCGGAACTT-1,2,2
GCCAACGGTACGCTTA-1,2,4
GCCAGCACAATGTCTG-1,0,0
GCCAGCAGTAAGCAAT-1,1,4
GCCAGCAGTCCATAGT-1,2,2
GCCAGCATCTTCGACC-1,1,7
GCCAGGTAGCGCACAA-1,2,0
GCCAGGTGTCTTACTT-1,3,6
GCCAGGTTCTCTCGCA-1,2,2
GCCAGTGCATCATGAC-1,6,9
GCCAGTGGTATGCAAA-1,2,4
GCCAGTGTCTTAGCCC-1,0,4
GCCATGGGTCATGCAT-1,0,0
GCCATGGTCGCGCTGA-1,2,2
GCCATTCCAGAATCGG-1,1,4
GCCATTCTCAGCTCTC-1,2,2
GCCCGAAAGTCCCGGT-1,3,6
GCCCGAACATCATCTT-1,7,7
GCCCGAACATGACGAG-1,5,6
GCCCGAAGTGACTCTA-1,3,6
GCCGATGGTAGGCAAC-1,1,4
GCCGATGGTCCAGAAG-1,1,4
GCCGTGAAGGTTCCGC-1,1,4
GCCGTGACAAGAGTGC-1,0,0
GCCGTGAGTTCATCGA-1,4,1
GCCGTGATCCGTGTCT-1,0,4
GCCGTGATCGTGCTCT-1,0,0
GCCGTGATCTGGAGAG-1,3,2
GCCTGTTTCCAAGCCG-1,1,4
GCCTGTTTCCCTTGTG-1,0,7
GCGAGAACATGCCGCA-1,0,7
GCGAGAAGTACGACTT-1,2,2
GCGAGAAGTACTGAGG-1,2,2
GCGGATCAGCTTAGTC-1,1,4
GCGGATCCAACTTGGT-1,3,6
GCGGATCTCTCGTGGG-1,2,2
GCGTGCAAGAACTCCT-1,4,9
GCGTGCAAGGCCGCTT-1,0,4
GCGTGCACAGACTGCC-1,0,0
GCGTGCAGTAGGACTG-1,1,4
GCGTGCATCGCACTCT-1,0,1
GCGTTTCCAAATGAGT-1,3,6
GCGTTTCCAGAGCGTA-1,3,6
GCGTTTCGTGAATTAG-1,4,1
GCTACAAAGATGTAGT-1,1,4
GCTACAAAGTGATGGC-1,0,0
GCTACAACACAGCCTG-1,3,6
GCTACCTAGTGTAGAT-1,0,4
GCTACCTTCGTTATCT-1,6,9
GCTGAATTCAACACGT-1,0,0
GCTGCAGCAATACCTG-1,2,2
GCTGCAGCAGCGATTT-1,1,4
GCTGCAGGTCTCTCCA-1,4,1
GCTGGGTAGGGAGTGG-1,0,0
GCTGGGTCAATTGCAC-1,2,2
GCTGGGTCACGGTCTG-1,2,2
GCTGGGTCACTCAAGT-1,3,6
GCTGGGTGTTGGAGGT-1,2,2
GCTGGGTTCATCGCAA-1,0,7
GCTGGGTTCGGTTGTA-1,1,4
GCTTCACAGCCTGAAG-1,0,0
GCTTCACAGTCATGAA-1,1,4
GCTTCACCAGAGTGAC-1,4,1
GCTTCACGTTACACTG-1,3,6
GCTTTCGCAACAAAGT-1,3,6
GCTTTCGGTCACTGAT-1,1,0
GCTTTCGGTTATCTGG-1,1,2
GGAACCCAGCCTTGAT-1,5,6
GGAACCCTCCAGTTCC-1,5,6
GGAAGTGGTTCAAGGG-1,0,0
GGAAGTGTCCGTCACT-1,2,0
GGAAGTGTCGTCAACA-1,1,2
GGAAGTGTCGTCAGAT-1,2,2
GGAATCTCAAATTGCC-1,0,0
GGAATCTCATGCAGCC-1,0,0
GGAATCTTCACGATAC-1,1,4
GGAATCTTCTTGATTC-1,3,6
GGAATGGAGGAACGAA-1,1,4
GGAATGGAGTAACAGT-1,1,4
GGAATGGCAGCCCACA-1,0,0
GGAATGGCAGCTGTCG-1,6,9
GGAATGGGTATACAGA-1,1,2
GGAATGGGTGGTGATG-1,3,6
GGACGTCGTTCTGAGT-1,0,0
GGACGTCTCGCCAACG-1,0,4
GGAGAACCACTCCACT-1,4,1
GGAGATGAGGAGGTTC-1,4,1
GGAGATGCACGACAGA-1,0,0
GGAGATGCATGGACAG-1,0,4
GGAGATGGTCGCTCGA-1,3,6
GGAGCAAAGGTTATAG-1,7,6
GGAGCAAGTCCAGTTA-1,2,2
GGAGGTAAGTTGTACC-1,0,0
GGAGGTACAGACAAAT-1,4,7
GGATGTTAGGCTGTAG-1,0,8
GGATGTTCAGACCATT-1,3,6
GGATGTTTCGAACGGA-1,2,2
GGCAGTCCAACTTGGT-1,1,4
GGCGTCAAGACCCGCT-1,4,9
GGCGTCAGTCTGCCTT-1,4,1
GGCTGTGCAGCTAACT-1,1,2
GGCTGTGGTTTCCATT-1,0,0
GGCTGTGTCGTTATCT-1,2,2
GGCTTGGCAATACCCA-1,1,4
GGCTTGGCAGTGAGCA-1,3,4
GGCTTGGGTAAGGTCG-1,0,4
GGCTTTCCAAGAGGCT-1,0,0
GGCTTTCTCTAGACAC-1,0,0
GGGAAGTAGATCACCT-1,4,1
GGGAAGTCAAGGAGTC-1,0,0
GGGAAGTCATAGCTGT-1,1,4
GGGAAGTGTACAATAG-1,7,0
GGGAAGTGTCCTTAAG-1,2,2
GGGAAGTGTTGAGGAC-1,2,7
GGGAAGTTCGTTACCC-1,2,6
GGGACAAGTACCTAAC-1,0,0
GGGACAATCCATCAGA-1,3,6
GGGACAATCCCAGCGA-1,1,4
GGGACCTAGTCGGGAT-1,3,6
GGGACCTAGTTGCGCC-1,1,4
GGGACCTTCAACCGAT-1,1,4
GGGAGATCAACTCCCT-1,2,7
GGGAGATCAATAGTCC-1,0,0
GGGAGATCAATGTCTG-1,0,0
GGGAGATCAGCATGCC-1,3,6
GGGAGATCATTATGCG-1,1,4
GGGAGATGTATAATGG-1,0,0
GGGAGATGTTGGTAGG-1,0,1
GGGAGTAAGAATAACC-1,0,7
GGGAGTAAGTTCATGC-1,0,4
GGGAGTAGTCATAGTC-1,2,2
GGGAGTATCACCGGGT-1,0,0
GGGAGTATCTAGTGAC-1,2,3
GGGAGTATCTATTCGT-1,0,0
GGGATCCAGGTTGAGC-1,1,4
GGGATCCGTGTCCATA-1,1,4
GGGATGACATGAGTAA-1,0,0
GGGCCATAGATGAACT-1,1,4
GGGCCATCACTAACCA-1,1,4
GGGCCATTCGTTAGAC-1,0,0
GGGCGTTAGCCATATC-1,1,4
GGGCGTTAGGCACTCC-1,3,6
GGGCGTTTCTGTAACG-1,1,4
GGGCTCAGTACCAATC-1,3,6
GGGCTCAGTGATACCT-1,1,0
GGGCTCAGTTCTCCCA-1,1,4
GGGTAGAAGCGTCTGC-1,0,4
GGGTAGATCACCCTCA-1,4,6
GGGTATTCACTCCGAG-1,1,4
GGGTATTCACTTCTCG-1,2,2
GGGTCACCAGCTGGTC-1,0,4
GGGTCTGAGAATAGTC-1,3,6
GGGTGAAAGGCATCGA-1,2,2
GGGTGAATCCACGGAC-1,1,4
GGGTGTCAGTGTTCAC-1,0,0
GGGTTATAGCAGCCTC-1,0,0
GGGTTATCACCGTGCA-1,4,1
GGGTTATCATCAGCAT-1,0,0
GGGTTATGTAGCGAGT-1,0,0
GGGTTTACATGGAACG-1,1,4
GGTAACTAGAGCATTA-1,0,4
GGTAACTAGGAGACCT-1,4,1
GGTAACTCACGTACTA-1,0,0
GGTAACTGTAGCACGA-1,2,2
GGTAACTGTGTGAATA-1,0,0
GGTAACTTCCATCAGA-1,1,4
GGTAATCAGCGCCTCA-1,1,4
GGTAATCTCAAGGAGC-1,0,0
GGTAGAGGTTTGAAAG-1,2,4
GGTCACGAGAGAGGTA-1,2,4
GGTCACGAGCGTGTCC-1,2,2
GGTCACGCAAGAGATT-1,1,4
GGTCACGGTAACGGTG-1,3,6
GGTCTGGAGCTCTGTA-1,3,6
GGTCTGGCAAGACGAC-1,0,4
GGTCTGGCAGACTCTA-1,1,4
GGTGAAGAGATGCTAA-1,1,4
GGTGAAGAGATTTGCC-1,0,0
GGTGAAGAGTCGAAAT-1,3,6
GGTGAAGGTCGTTATG-1,2,4
GGTGAAGTCCGTACGG-1,1,4
GGTGATTAGGAGCTGT-1,0,7
GGTGATTGTCGAACAG-1,0,4
GGTGATTTCTGAGAGG-1,1,4
GGTGGCTAGTAAACAC-1,1,4
GGTGGCTCAAGGACAC-1,2,2
GGTGTCGAGCTATCCA-1,0,0
GGTGTCGTCATCCCGT-1,3,2
GGTGTTAAGTGCACTT-1,3,6
GGTGTTACAAAGGCTG-1,0,0
GGTGTTACATTCTCCG-1,3,6
GGTGTTATCTAAGAAG-1,2,2
GGTTAACAGCATAGGC-1,1,2
GGTTAACCACTCAAGT-1,4,8
GGTTAACGTCTTCATT-1,0,4
GGTTAACGTGCCGGTT-1,0,0
GGTTAACGTTAAGGGC-1,4,1
GGTTAACTCCACATAG-1,0,7
GGTTCTCAGAATCGTA-1,0,7
GGTTCTCAGTCTGTAC-1,4,1
GGTTCTCTCCGCGAGT-1,3,6
GGTTGTACACTGTCGG-1,0,0
GGTTGTACAGTCGCAC-1,4,1
GTAACACAGGAGGTTC-1,0,4
GTAACACCAGAGTCTT-1,3,6
GTAACACGTTGCAACT-1,3,6
GTAACACTCCGCAACG-1,4,1
GTAACACTCGCGGTAC-1,2,2
GTAAGTCAGTCTAACC-1,3,6
GTAATCGTCATCGTAG-1,0,0
GTAATCGTCCGTGCGA-1,1,2
GTAATCGTCGACTCCT-1,4,6
GTAATGCCACATACGT-1,2,2
GTAATGCCATGACTCA-1,2,2
GTAATGCGTGTGTCCG-1,4,1
GTAATGCTCTCCACTG-1,0,7
GTACAACTCATAGGCT-1,1,4
GTACAGTAGTCGAATA-1,1,4
GTACAGTGTCGACGCT-1,2,2
GTAGAAACACCCATAA-1,1,4
GTAGAAAGTACAGCGA-1,1,4
GTAGAAAGTATCGGTT-1,0,7
GTAGAGGGTATCCCTC-1,1,4
GTAGAGGGTTGCTAGT-1,0,1
GTAGATCAGATGTAGT-1,0,1
GTAGATCAGATTACCC-1,0,0
GTAGATCAGCCTCCAG-1,2,1
GTAGATCAGTACAGCG-1,2,2
GTAGATCTCAGCACCG-1,2,2
GTAGCTAAGCCGAACA-1,7,2
GTAGCTATCACCTCGT-1,0,7
GTAGGAGTCACAGTGT-1,0,0
GTAGGTTGTTCTCACC-1,0,0
GTAGGTTTCATACAGC-1,1,4
GTAGTACAGCCGAATG-1,0,0
GTATTGGAGAGCTTTC-1,0,0
GTATTGGAGCATGCAG-1,3,2
GTATTGGAGCTGGCTC-1,3,6
GTATTGGAGTTCTACG-1,3,2
GTATTGGCACACGCCA-1,7,2
GTATTGGGTCGACTGC-1,0,0
GTATTGGGTGTTCCTC-1,1,4
GTATTTCAGCACGATG-1,3,6
GTATTTCCAGTCGCTG-1,0,0
GTATTTCGTCGCGTCA-1,2,2
GTATTTCGTGCTGCAC-1,1,4
GTATTTCGTGTGTGGA-1,1,2
GTATTTCGTTTGGAGG-1,3,6
GTATTTCTCGGAATGG-1,3,6
GTATTTCTCTGTCTCG-1,0,4
GTCAAACAGCGTTCCG-1,2,4
GTCAAGTCAGGTTTAC-1,2,2
GTCACGGAGGCCTGAA-1,1,4
GTCACGGCATGGAAGC-1,0,0
GTCACGGTCCAATGCA-1,1,4
GTCACGGTCCGCACTT-1,5,6
GTCACTCGTCCACTTC-1,0,0
GTCACTCTCCGTTTCG-1,0,0
GTCATCCAGTCATTGC-1,2,2
GTCATCCCAAACACGG-1,1,4
GTCATCCCAGCTGAAG-1,0,0
GTCATCCTCACAAGGG-1,4,7
GTCATCCTCGCCAACG-1,1,4
GTCATGACAGGCGAAT-1,0,7
GTCATGAGTGAACCGA-1,2,2
GTCATGATCGAACCTA-1,3,6
GTCATTTCAGAGCCCT-1,2,7
GTCATTTTCAACCCGG-1,1,4
GTCCACTCAGAACGCA-1,0,0
GTCCACTGTCGTGCCA-1,0,2
GTCCCATAGAAGTATC-1,0,1
GTCCCATAGACTCCGC-1,0,8
GTCCCATAGGACATCG-1,0,0
GTCCCATGTCATCCGG-1,1,4
GTCCTCACACGCTGTG-1,0,0
GTCGAATCAAAGGCTG-1,0,0
GTCGAATCAATGAGCG-1,0,0
GTCGAATGTTACCCTC-1,1,2
GTCGAATTCCACTTTA-1,2,2
GTCGCGATCTCGTGAA-1,2,2
GTCGTAAGTATAGCTC-1,6,6
GTCGTAAGTTACGGAG-1,2,2
GTCGTTCAGTGGTTAA-1,1,4
GTCGTTCCACGTTGGC-1,6,9
GTCGTTCGTACTCGCG-1,2,2
GTCTACCGTTGGGTTT-1,1,4
GTCTACCTCACAATGC-1,0,0
GTCTAGAGTTCGAGCC-1,4,6
GTCTCACCACATCCCT-1,0,4
GTCTCACCACTACAGT-1,2,2
GTCTCACTCGATGCAT-1,2,2
GTCTGTCAGTTTGAGA-1,1,4
GTCTTTAAGGTGCATG-1,0,7
GTCTTTACAATAGGGC-1,2,2
GTCTTTATCAAGTAAG-1,0,1
GTGAGCCTCGCGTGCA-1,2,4
GTGAGGAAGCATGCGA-1,0,0
GTGAGTTAGAAGTATC-1,2,2
GTGAGTTAGAGCATTA-1,3,8
GTGAGTTAGAGGACTC-1,1,4
GTGAGTTCATACCAGT-1,1,4
GTGAGTTGTTGTTGTG-1,1,2
GTGATGTCATCTGCGG-1,2,2
GTGATGTGTCCGGACT-1,1,4
GTGATGTGTGAGGAAA-1,2,0
GTGATGTTCAGTCCGG-1,0,6
GTGATGTTCTAGGCCG-1,0,0
GTGCACGAGCGCCTCA-1,2,2
GTGCACGCACCTCTGT-1,0,7
GTGCACGGTACAGAGC-1,3,6
GTGCACGGTCGCACGT-1,2,2
GTGCACGGTCTCGGGT-1,2,2
GTGCACGTCTCGCTTG-1,3,6
GTGCAGCAGCCGAACA-1,4,1
GTGCAGCGTGCTGATT-1,3,6
GTGCGTGCATTCTCCG-1,0,0
GTGCTGGTCCTAACAG-1,2,2
GTGCTGGTCGTTGTTT-1,4,1
GTGCTTCAGAATCTAG-1,2,2
GTGCTTCAGGATATGT-1,2,0
GTGCTTCCAAAGACTA-1,1,4
GTGCTTCCACAATTCG-1,3,6
GTGCTTCGTTGACGGA-1,0,4
GTGCTTCTCATTGCTT-1,0,0
GTGCTTCTCTCTAAGG-1,1,4
GTGGAAGCAAATACGA-1,0,0
GTGGAAGTCAAGAAAC-1,0,0
GTGGAAGTCTAGCAAC-1,5,6
GTGGAGAGTACAGTTC-1,3,4
GTGGAGATCAACTGAC-1,1,4
GTGGAGATCTGTCGTC-1,1,4
GTGGCGTTCAGAACCT-1,0,2
GTGGGAACAAGGGCAT-1,0,4
GTGTAACGTTCGGTAT-1,4,1
GTGTAACTCGTCGATA-1,0,4
GTGTAACTCTCTATGT-1,0,0
GTGTCCTGTGAATATG-1,0,4
GTGTCCTTCGGCTATA-1,1,4
GTGTGATGTCCATCTC-1,2,2
GTGTGATTCCTCTCTT-1,3,6
GTGTGATTCTACACAG-1,0,0
GTGTTAGCAATCGTCA-1,3,6
GTGTTAGCACAGTCCG-1,4,4
GTGTTAGCAGAGGCAT-1,0,0
GTGTTAGGTTGGGCCT-1,0,0
GTGTTAGTCCTGGGAC-1,2,2
GTGTTCCTCATTTCGT-1,0,7
GTTACAGAGAGATGCC-1,2,0
GTTACAGCAATAGTGA-1,2,2
GTTACAGGTCTCAAGT-1,1,4
GTTACAGGTTCAAGGG-1,1,4
GTTACCCTCCTAGCTC-1,4,0
GTTACCCTCTGGAAGG-1,0,4
GTTACGAAGATTGATG-1,2,4
GTTACGACAGACTGCC-1,1,4
GTTACGAGTCGTACAT-1,0,0
GTTACGATCATGCCCT-1,1,4
GTTAGACCAACCCTCT-1,0,4
GTTAGACCATTGGATC-1,0,0
GTTAGACTCTGGCCGA-1,1,4
GTTAGTGTCTGGCCGA-1,4,1
GTTATGGAGCTAATGA-1,1,4
GTTATGGAGGTCATAA-1,0,7
GTTATGGGTTGCAACT-1,1,4
GTTATGGTCCCATAAG-1,1,2
GTTCATTAGAACCCGA-1,2,4
GTTCATTCATCATCTT-1,5,6
GTTCATTTCATTCACT-1,3,6
GTTCATTTCTCAGGCG-1,4,4
GTTCCGTTCGTTCTGC-1,0,0
GTTCGCTAGAATAACC-1,4,7
GTTCGCTGTTAAGTCC-1,0,0
GTTCGCTGTTCTTGCC-1,0,0
GTTCTATAGGAGTATT-1,6,9
GTTCTATAGTATAGGT-1,3,0
GTTCTATGTTTGGCTA-1,2,2
GTTCTATTCTCGACCT-1,3,0
GTTGAACTCTAGGCCG-1,3,6
GTTGCGGAGACCATTC-1,0,0
GTTGCGGCAGGGCTTC-1,0,7
GTTGCGGGTATTGAGA-1,2,4
GTTGCTCAGAGCTTTC-1,0,1
GTTGCTCTCCGGTAAT-1,0,0
GTTGTAGAGTAGCTCT-1,1,4
GTTGTAGGTCGCATCG-1,3,6
GTTGTAGTCCTCAGGG-1,1,4
GTTGTCCGTCGCATCG-1,2,2
GTTGTGACACAAATAG-1,1,4
GTTGTGAGTACGTACT-1,0,0
GTTGTGAGTGCATTTG-1,1,4
GTTTACTAGAGTTGTA-1,0,0
GTTTACTTCTCGTGAA-1,2,2
GTTTGGAAGTCGAATA-1,0,0
GTTTGGACACAAGCCC-1,0,0
TAACACGAGTAGGAAG-1,4,1
TAACACGGTACGAGTG-1,4,1
TAACACGGTTGTGTAC-1,2,2
TAACACGGTTTGGGTT-1,0,7
TAACCAGAGATCCGAG-1,1,4
TAACCAGAGTAGACAT-1,2,2
TAACCAGCAACACGTT-1,0,4
TAACCAGGTATCGTAC-1,3,6
TAACGACAGCTCTATG-1,2,2
TAACGACCAACGATTC-1,3,6
TAACGACCACATATGC-1,1,4
TAACGACCACTAAACC-1,0,7
TAACGACTCTCGGTAA-1,2,4
TAACTTCCAAGTCGTT-1,2,2
TAACTTCTCTGCAGCG-1,3,6
TAAGCACCAAGAGAGA-1,2,4
TAAGCACCACACAGAG-1,3,2
TAAGCACCACCTTCGT-1,1,4
TAAGCACTCGCTGCGA-1,0,0
TAAGCCAAGTTGCTCA-1,2,2
TAAGCCAGTCGATTAC-1,0,1
TAAGCCATCGCCGATG-1,4,8
TAAGCCATCTTTGATC-1,2,2
TAAGCGTAGATGACCG-1,2,2
TAAGCGTCATGACGGA-1,2,6
TAAGTCGGTCACTCGG-1,0,0
TAAGTCGGTTCGTTCC-1,4,1
TAATTCCAGCATAGGC-1,2,1
TAATTCCAGTTGCGCC-1,5,6
TAATTCCTCCACATAG-1,3,6
TAATTCCTCCCTAGGG-1,3,6
TAATTCCTCTGGGATT-1,1,4
TACAACGCACGCTGAC-1,0,2
TACAACGGTATGCGGA-1,1,4
TACAACGGTTAAGGAT-1,2,2
TACAACGTCTACGCGG-1,2,2
TACACCCCAAGACCTT-1,0,0
TACACCCCATGATGCT-1,4,1
TACACCCGTTGAAGTA-1,3,6
TACAGGTAGCTATCTG-1,2,2
TACAGGTCAGTACTAC-1,0,0
TACAGGTGTACCTAAC-1,6,9
TACATTCAGTATAGAC-1,2,4
TACATTCCACAATGCT-1,1,4
TACATTCGTCGATTTG-1,0,0
TACATTCGTCTTGCTC-1,1,4
TACATTCTCGAATGCT-1,0,0
TACCCACAGTCTGTAC-1,2,2
TACCCACCATAGACTC-1,0,0
TACCCACGTGCATCTA-1,1,4
TACCCACGTTCGGTCG-1,5,6
TACCCACTCCCGAAAT-1,3,6
TACCCGTAGATGGTAT-1,4,0
TACCCGTCAAACTAGA-1,4,2
TACCCGTCAAGACCTT-1,1,4
TACCCGTGTTCTTGCC-1,0,0
TACCCGTTCACGATAC-1,7,2
TACCGAACAGGCTCTG-1,2,2
TACCGGGAGCTAGAAT-1,5,6
TACCGGGAGGTTCCGC-1,1,4
TACCGGGGTTAAAGTG-1,0,0
TACCTCGAGCGCTTCG-1,3,6
TACCTCGCAACGAGGT-1,2,0
TACCTCGTCATCACCC-1,0,0
TACCTCGTCCTTGAAG-1,1,4
TACCTCGTCGTCCTTG-1,2,2
TACCTCGTCTGCAGCG-1,3,6
TACCTGCCACTGGAAG-1,2,0
TACCTGCTCATTCACT-1,3,6
TACCTGCTCCAGTTCC-1,4,7
TACGCTCAGGGAGTGG-1,0,0
TACGCTCCAACAGTGG-1,6,9
TACGCTCCATACAGCT-1,0,0
TACGCTCGTGTACAGG-1,2,0
TACGCTCGTGTCTAAC-1,0,0
TACGGGCCAACAAGTA-1,0,4
TACGGGCGTTCTCGTC-1,2,0
TACGGGCTCCATAGAC-1,3,6
TACGGTAAGAAGAGCA-1,0,0
TACGGTAAGTATGAGT-1,0,4
TACGGTAGTGCCTTCT-1,1,4
TACGTCCCACGCTGCA-1,3,6
TACGTCCTCGAGCCAC-1,0,0
TACTGCCCACCTGCAG-1,0,0
TACTGCCCATCGTGGC-1,3,6
TACTTACAGCCACTCG-1,1,1
TACTTACGTATCAAGA-1,1,4
TACTTACGTCACTCTC-1,1,4
TACTTACGTTGGTAGG-1,0,4
TACTTCAAGGTAAACT-1,2,2
TACTTCAAGTCATCGT-1,3,6
TACTTCATCAGGAGAC-1,0,0
TACTTGTAGACGACGT-1,0,0
TAGACCACAATAGGGC-1,0,0
TAGACCAGTTGCACGC-1,0,0
TAGACCATCTGGTCAA-1,2,2
TAGACTGAGGGCAGGA-1,0,8
TAGACTGCACAACGCC-1,1,4
TAGACTGCACTACCCT-1,5,6
TAGACTGGTGTCCTAA-1,2,0
TAGAGTCAGGCACGAT-1,3,5
TAGATCGAGATACATG-1,1,4
TAGATCGGTCACTTAG-1,1,4
TAGCACACACCCTTAC-1,2,2
TAGCACACACTCTGCT-1,0,0
TAGCACACAGAACCGA-1,4,7
TAGGGTTAGAGTTGTA-1,0,0
TAGGGTTAGGATGGCT-1,0,0
TAGGTACTCGGCTATA-1,3,6
TAGGTTGAGCCAAGGT-1,0,4
TAGGTTGCACCCGTAG-1,6,4
TAGGTTGTCCGTAATG-1,3,6
TAGTGCACACAGCGCT-1,0,0
TAGTGCAGTCGAGCAA-1,4,8
TAGTGCAGTGTACAGG-1,1,4
TAGTGCAGTTGGTAGG-1,0,0
TAGTGCATCCTCACGT-1,1,7
TAGTGCATCGTTTACT-1,3,6
TATATCCTCAGTGATC-1,0,0
TATCAGGAGGCACTCC-1,2,2
TATCCTAAGACGGTCA-1,1,4
TATCCTAAGTGCAGCA-1,6,9
TATCCTAGTCGTCGGT-1,4,7
TATCCTAGTCTACAGT-1,1,4
TATCCTATCGACGACC-1,0,0
TATCCTATCGGCTTCT-1,0,4
TATCGCCAGCTGAAAT-1,0,1
TATCGCCTCGTTTACT-1,0,4
TATCTGTCAGAGTTCT-1,6,9
TATCTGTCAGTACTAC-1,0,4
TATCTGTCATGACGTT-1,3,6
TATCTGTTCGTAGGAG-1,6,9
TATCTGTTCTCCGATC-1,2,2
TATCTTGCAACAAGAT-1,0,0
TATCTTGCATGCGTGC-1,0,4
TATCTTGGTGGACTAG-1,5,6
TATCTTGTCAGGTAAA-1,1,4
TATCTTGTCCGTGTAA-1,2,2
TATGTTCAGGTCTGGA-1,6,9
TATGTTCAGGTTCTTG-1,4,1
TATGTTCCAGCTGGTC-1,0,0
TATGTTCTCCGGTTCT-1,0,0
TATTCCAAGCAATTAG-1,1,4
TATTGCTGTACTCGTA-1,2,7
TATTGCTGTGGCTGCT-1,2,2
TATTGCTTCATGCATG-1,3,6
TATTGGGCAATGAACA-1,0,0
TATTGGGCATGGTGGA-1,2,2
TATTGGGGTGTCACAT-1,3,6
TATTGGGTCAACTCTT-1,1,4
TATTTCGAGCCAACCC-1,2,2
TATTTCGAGTAGTGCG-1,3,6
TATTTCGCACAACCGC-1,0,1
TATTTCGTCTTCCACG-1,0,8
TCAAGACCAAGAGAGA-1,1,4
TCAAGACCATGAAGGC-1,0,0
TCAAGACGTTCGTACA-1,2,7
TCAAGACTCGGATTAC-1,0,8
TCAAGCAAGAGAGTTT-1,0,0
TCAAGCACAGGCCTGT-1,4,1
TCAAGCAGTAGATGTA-1,3,6
TCAAGCAGTATCGATC-1,1,4
TCAAGCATCCGTAATG-1,2,2
TCAAGTGCACTATGTG-1,2,2
TCAATCTCACCGTACG-1,0,0
TCAATCTTCTCATAGG-1,1,4
TCAATTCAGGGAGGTG-1,4,1
TCAATTCCACGTTCGG-1,4,1
TCAATTCGTTGAATCC-1,0,0
TCACAAGCAGAATGTA-1,5,6
TCACAAGGTCGCACAC-1,0,0
TCACAAGGTTGGAGAC-1,4,1
TCACACCAGTATGAGT-1,1,4
TCACACCAGTTCACTG-1,1,4
TCACACCCACGAAAGC-1,0,7
TCACATTAGCCAGACA-1,1,4
TCACATTCAGAGTTCT-1,3,6
TCACGCTAGTTACGTC-1,1,4
TCACGCTCAGAGTGAC-1,3,2
TCACGCTGTAACACCT-1,0,0
TCACTATAGCCAACCC-1,0,0
TCACTATAGGGTTAAT-1,0,1
TCACTATCACGGATCC-1,1,4
TCACTATCAGTCCGTG-1,2,2
TCACTATGTTTCCCAC-1,1,4
TCACTATTCACCTTGC-1,0,0
TCACTCGCAGCGTGAA-1,2,2
TCAGCCTAGATCCCAT-1,0,0
TCAGCCTCAACCCTCT-1,2,2
TCAGCCTCACATAACC-1,0,0
TCAGCCTCAGGCATTT-1,3,6
TCAGGGCGTCTAGGCC-1,2,2
TCAGGTAAGGTAGACC-1,5,6
TCAGGTAAGGTTTGAA-1,1,4
TCAGGTAGTTGTTTGG-1,1,4
TCAGGTATCAACCTTT-1,1,4
TCAGTCCCAAGGCAAC-1,2,2
TCAGTCCCATTAGGAA-1,0,0
TCAGTGACATATCTCT-1,2,2
TCAGTGATCTTACTGT-1,2,0
TCAGTTTAGTGTACAA-1,2,2
TCAGTTTGTAGCTCGC-1,3,6
TCATACTAGTTACGTC-1,0,0
TCATACTGTGGACTGA-1,2,2
TCATACTTCACAACCA-1,4,1
TCATATCAGCAGTACG-1,0,7
TCATATCCAATACAGA-1,7,0
TCATATCCACCCAACG-1,2,2
TCATATCGTCTGTCCT-1,4,1
TCATATCTCGGTATGT-1,6,9
TCATCATAGTCATGAA-1,0,0
TCATCATAGTGCTAGG-1,3,6
TCATCATCATTGTACG-1,0,4
TCATCATGTGACAGGT-1,2,2
TCATCATTCGGCTTCT-1,2,4
TCATCCGCACATCATG-1,0,4
TCATCCGGTATTTCTC-1,3,6
TCATGAGAGAGCAGTC-1,3,6
TCATGAGCAGAACCGA-1,0,0
TCATGAGGTCTACAAC-1,1,0
TCATGCCAGACGGAAA-1,3,6
TCATGCCCAACAGAGC-1,0,4
TCATGCCGTACGAGCA-1,2,2
TCATGCCGTCAAAGCG-1,1,4
TCATGGACAAATTGGA-1,0,0
TCATGGAGTGATTGGG-1,1,4
TCATGGATCATTGAGC-1,0,0
TCATGTTGTCGTTATG-1,2,2
TCATGTTGTGCATGTT-1,1,0
TCATTCACAATACAGA-1,3,6
TCATTCAGTCGTGTTA-1,1,4
TCATTGTTCCCGAACG-1,2,2
TCATTTGAGCGTACAG-1,1,4
TCATTTGAGTTGGGAC-1,0,0
TCATTTGGTTCAGGTT-1,0,7
TCCACCAAGCATAGGC-1,0,2
TCCACCACAACAAGAT-1,4,9
TCCACCATCTACGGGC-1,0,1
TCCACGTTCACTCGAA-1,3,6
TCCAGAAAGAAGAGCA-1,3,6
TCCAGAAAGTATAGAC-1,0,0
TCCAGAAGTATGAGCG-1,0,0
TCCATCGAGCGTGCTC-1,2,7
TCCATCGCAGTTAAAG-1,1,4
TCCATCGGTCTTTATC-1,2,2
TCCATGCAGGCACCAA-1,2,4
TCCATGCCAGACCGCT-1,4,4
TCCATGCGTCTGATAC-1,0,7
TCCATGCTCTCAGAAC-1,2,2
TCCCACAGTTTGTTGG-1,0,0
TCCCAGTAGATAGTGT-1,0,0
TCCCAGTAGTAGGTTA-1,2,2
TCCCAGTGTAGCTAAA-1,4,1
TCCCATGAGGTAGATT-1,2,2
TCCCATGAGTGATAAC-1,0,7
TCCCATGTCCTGGTCT-1,0,2
TCCGAAAAGTCATAGA-1,2,4
TCCGAAAGTCGCATGC-1,0,0
TCCGATCAGCAACTTC-1,1,4
TCCGATCAGGCGTTGA-1,1,4
TCCGATCCAGAGTGTG-1,5,6
TCCGGGAAGCCGTCGT-1,1,4
TCCGGGATCCGAAATC-1,5,6
TCCGTGTGTATTGGCT-1,0,0
TCCGTGTGTCGCAGTC-1,2,2
TCCGTGTGTGAGTGAC-1,1,4
TCCTAATAGACGAAGA-1,1,4
TCCTAATCATCGATAC-1,0,7
TCCTAATGTCTTCTAT-1,0,4
TCCTAATGTGCGTTTA-1,5,6
TCCTCCCAGCGGTAGT-1,0,7
TCCTCCCCAACCGCTG-1,3,6
TCCTCCCCATTCAGCA-1,0,0
TCCTCCCTCAGTCACA-1,3,6
TCCTCGAAGCAAGGAA-1,0,0
TCCTCGATCTCTATAC-1,2,2
TCCTCTTAGGGCCCTT-1,2,2
TCCTCTTAGTTGAAGT-1,0,7
TCCTCTTTCAGCATTG-1,3,6
TCCTCTTTCCATGCAA-1,5,6
TCCTCTTTCGGCCCAA-1,1,0
TCCTGCACAACCCTCT-1,4,1
TCCTGCAGTCCTTTGC-1,4,1
TCCTGCAGTCTCACAA-1,2,2
TCCTGCATCGGTCACG-1,5,6
TCCTGCATCTATACGG-1,1,4
TCCTTCTTCGTTCATT-1,3,1
TCCTTTCAGGCAATGC-1,3,6
TCCTTTCAGGCCACCT-1,3,2
TCCTTTCTCCAGTGCG-1,1,4
TCCTTTCTCTAAGCCA-1,2,2
TCGAACAAGCTAAATG-1,4,7
TCGAAGTAGGCCTTGC-1,3,2
TCGAAGTCACTCGATA-1,3,6
TCGAAGTTCAACTGAC-1,1,4
TCGAAGTTCTAGGCAT-1,1,7
TCGACCTAGCGTGTTT-1,6,9
TCGACCTAGTTTGTCG-1,3,6
TCGACCTCAAGAGAGA-1,2,2
TCGACCTTCCATTTCA-1,1,4
TCGACCTTCGAGTTGT-1,5,6
TCGACGGAGCTTTCCC-1,2,2
TCGACGGGTACTGACT-1,3,6
TCGACGGTCCCGAGTG-1,5,6
TCGATTTCATAGATCC-1,0,0
TCGCACTCATACGCAT-1,4,1
TCGCACTTCTCCAATT-1,0,0
TCGCAGGAGTAAACTG-1,2,2
TCGCAGGAGTAACGAT-1,0,7
TCGCAGGCAAGTTCGT-1,1,4
TCGCAGGCAGTCTCTC-1,4,7
TCGCTCAAGGTAGGCT-1,0,8
TCGCTCACAGACCCGT-1,0,0
TCGCTCAGTGCCCAGT-1,4,1
TCGCTTGCACCATTCC-1,4,1
TCGCTTGGTGCCAAGA-1,4,0
TCGCTTGTCACCCTCA-1,5,6
TCGCTTGTCCCTTTGG-1,0,7
TCGGATACAGTAGAAT-1,0,0
TCGGGACGTGACAACG-1,2,2
TCGGGACTCCTCATAT-1,2,4
TCGGGACTCTAGCAAC-1,4,1
TCGGGCAAGATCCGAG-1,3,6
TCGGGCAAGTCTGTAC-1,1,4
TCGGGCAGTTTGGCTA-1,0,0
TCGGGTGAGAGTACCG-1,0,0
TCGGGTGAGCATTTCG-1,0,0
TCGGGTGTCGGCCTTT-1,2,2
TCGTAGAAGGTGCCAA-1,1,4
TCGTAGAAGTTGTAAG-1,1,4
TCGTAGAGTCGCAACC-1,1,4
TCGTAGAGTTGTGCAT-1,1,4
TCGTAGATCAGCTTCC-1,2,2
TCGTAGATCCACGAAT-1,4,4
TCGTAGATCCACGGGT-1,0,0
TCGTCCAAGCATCAAA-1,1,4
TCGTCCAAGTCAGCGA-1,1,4
TCGTCCATCAACACGT-1,0,0
TCGTGCTAGTAACGTA-1,2,2
TCGTGCTGTATGCGGA-1,2,2
TCGTGGGGTGTCTTCC-1,0,4
TCGTGGGTCAACCTTT-1,7,6
TCTAACTAGAACGCGT-1,1,4
TCTAACTAGTATCTGC-1,2,4
TCTAACTGTCTGTGGC-1,0,1
TCTACATCACAATCTG-1,1,4
TCTACCGCATTCAGGT-1,0,4
TCTACCGGTACCAGAG-1,1,4
TCTACCGTCAGCTAGT-1,1,4
TCTACCGTCTCATGGA-1,0,0
TCTATACAGCTACTGT-1,2,4
TCTATACCAGAAGTTA-1,2,2
TCTATCAAGACCTGGA-1,1,2
TCTATCAAGATAGTGT-1,3,6
TCTATCAAGCCGTTGC-1,3,6
TCTATCATCCATGCAA-1,0,0
TCTATCATCGGCTCTT-1,2,2
TCTCACGGTAGAAACT-1,3,6
TCTCACGGTATTCCTT-1,4,4
TCTCAGCGTCACGACC-1,2,0
TCTCCGAAGCTGAAAT-1,2,2
TCTCCGACAGACGGAT-1,1,4
TCTCTGGCATCCAACA-1,0,0
TCTCTGGTCATACGAC-1,0,4
TCTCTGGTCCTACTGC-1,2,2
TCTGCCACAGAGGTAC-1,0,0
TCTGGCTAGATCCGAG-1,6,9
TCTGGCTAGTTTGAGA-1,2,2
TCTGGCTCACATAGCT-1,1,4
TCTGGCTCACATCATG-1,0,0
TCTGGCTCACCTGATA-1,2,2
TCTGGCTGTGCCGAAA-1,2,7
TCTGGCTTCCCATTCG-1,1,4
TCTGGCTTCTGAATCG-1,3,2
TCTGTCGAGGGCTTCC-1,3,6
TCTGTCGAGTACCCTA-1,0,8
TCTGTCGGTATGCTTG-1,1,4
TCTGTCGTCCCAGCGA-1,0,0
TCTTAGTAGTGTTCCA-1,0,7
TCTTAGTTCTGCGGCA-1,0,0
TCTTCCTGTAGAGTTA-1,0,0
TCTTCCTTCGCTGACG-1,0,0
TCTTCCTTCTAGACCA-1,3,6
TCTTCCTTCTCTTGCG-1,1,4
TCTTGCGAGACGCTCC-1,2,7
TCTTGCGAGCATTTCG-1,0,0
TCTTGCGGTTCTCCCA-1,2,2
TCTTTGAGTCCCGCAA-1,1,4
TGAACGTTCCGGACGT-1,0,4
TGAATCGAGGTCGTCC-1,4,1
TGAATCGAGGTTAAAC-1,0,0
TGAATGCAGTTAACGA-1,1,4
TGAATGCTCTGATGGT-1,0,4
TGACAGTAGACTTAAG-1,2,2
TGACAGTAGTCCTGTA-1,0,0
TGACAGTGTGTAGCAG-1,3,6
TGACAGTTCAAAGAAC-1,0,0
TGACAGTTCTTTCCAA-1,1,4
TGACCCTAGCCACTCG-1,2,2
TGACCCTAGCCTCAAT-1,4,1
TGACCCTAGGACAGTC-1,2,0
TGACCCTGTGTGGTCC-1,1,4
TGACCCTTCTGATGGT-1,0,4
TGACGCGAGTCGAAGC-1,1,4
TGACGCGCAAGTGGGT-1,0,0
TGACGCGCAGCTACTA-1,0,0
TGACGCGTCGCCCAGA-1,0,0
TGACTCCAGAAACACT-1,0,0
TGACTCCCACATGGTT-1,1,4
TGACTCCCACTCGATA-1,0,7
TGACTCCCAGCTTCGG-1,0,2
TGACTCCGTCCTTTGC-1,5,6
TGAGACTAGATGAATC-1,1,4
TGAGACTTCCAGCTCT-1,1,4
TGAGACTTCTTACGGA-1,0,4
TGAGCATAGGTACTGG-1,0,1
TGAGCATGTTGGGAAC-1,1,4
TGAGCGCAGACGCCAA-1,2,2
TGAGCGCCATCCTTCG-1,0,0
TGAGGAGCAGCACCCA-1,2,0
TGAGGAGCATTGACAC-1,4,7
TGAGGAGGTCGTGGAA-1,0,0
TGAGGAGTCACACCGG-1,2,2
TGAGGAGTCGTAACCA-1,0,0
TGAGGGAAGCGTTCAT-1,7,3
TGAGGGATCATCACTT-1,0,0
TGAGGTTAGGTGTGAC-1,2,2
TGAGGTTGTTCAGGTT-1,1,4
TGAGGTTTCATCACCC-1,6,9
TGAGTCACAAGTATAG-1,2,2
TGAGTCATCGCTTGAA-1,4,1
TGATCAGGTTCAGGTT-1,0,0
TGATCTTAGTGTTCCA-1,1,4
TGATCTTCAAGAGAGA-1,5,6
TGATCTTGTTCCAGGC-1,1,4
TGATCTTTCAGGCGAA-1,0,0
TGATGCAAGCACAAAT-1,3,6
TGATGCACAACGATCT-1,0,0
TGATGCACACATGACT-1,2,2
TGATGCAGTCGGCACT-1,0,4
TGATGCATCCGTATAG-1,2,0
TGATGGTAGGCCTTCG-1,6,9
TGATGGTCACCAGCCA-1,3,6
TGATGGTCACTACTTT-1,2,1
TGATGGTTCACCATGA-1,2,0
TGATGGTTCACGGACC-1,2,2
TGATGGTTCCTGCTAC-1,3,6
TGATTCTCAATTCGTG-1,6,9
TGATTCTCACGTTGGC-1,0,4
TGATTCTGTAACACCT-1,3,6
TGATTCTGTCCTTGTC-1,2,2
TGATTTCCAGTGGGTA-1,0,1
TGATTTCTCGAGAAAT-1,0,0
TGCACGGAGTTACGTC-1,2,2
TGCACGGCAACACACT-1,2,2
TGCACGGCACACCTAA-1,1,4
TGCACGGCATTACGGT-1,4,1
TGCACGGTCACCCTGT-1,0,0
TGCACGGTCCTTCTAA-1,1,4
TGCAGATCAACCGCTG-1,3,6
TGCAGATTCAACACCA-1,0,0
TGCAGATTCATTGTGG-1,0,0
TGCAGGCCATATCTGG-1,2,2
TGCAGGCGTCGGAACA-1,0,0
TGCAGGCGTGAGACGT-1,0,0
TGCAGGCGTGTGGACA-1,0,0
TGCAGTAAGAGCCATG-1,0,0
TGCAGTAGTCGTTATG-1,3,6
TGCAGTATCAAATGAG-1,0,0
TGCATCCGTAGCTGTT-1,1,4
TGCATCCTCCGCTGTT-1,0,0
TGCATGAAGCGTTCAT-1,4,7
TGCATGAAGTTGGAGC-1,2,4
TGCCGAGCATACCGTA-1,0,0
TGCCGAGTCGCGTGAC-1,0,0
TGCGACGCAAAGGCGT-1,1,4
TGCGACGCAAGCTGTT-1,2,2
TGCGATAAGATACGAT-1,1,4
TGCGATAAGTCATCGT-1,1,4
TGCGATAGTAAGTTAG-1,1,4
TGCGATAGTTGGTGTT-1,0,0
TGCGATATCCATCGTC-1,2,4
TGCGATATCTTCGCTG-1,0,0
TGCGGCACACCAGCGT-1,3,6
TGCGGCATCCATTTCA-1,2,2
TGCGGGTAGACATGCG-1,0,4
TGCGGGTAGCATCCCG-1,5,6
TGCGGGTGTTCTCGCT-1,0,0
TGCGGGTTCGTCGATA-1,4,1
TGCTCCATCGCGGTAC-1,1,4
TGCTCGTCAAGTCCCG-1,7,2
TGCTCGTCAGAGTCTT-1,2,1
TGCTCGTGTGTTCGTA-1,3,6
TGCTCGTTCATTTCCA-1,4,1
TGCTCGTTCCAACACA-1,1,4
TGCTCGTTCTTAGCTT-1,7,2
TGCTGAACACCAGTAT-1,4,0
TGCTGAACACCGTGAC-1,1,4
TGCTTCGCATCGGTTA-1,3,6
TGCTTCGTCTTCGTGC-1,4,1
TGCTTGCAGCTACGTT-1,2,2
TGCTTGCCAGCTACCG-1,0,0
TGCTTGCTCAAAGACA-1,0,7
TGCTTGCTCACCATCC-1,1,1
TGCTTGCTCCCTCTTT-1,2,2
TGGAACTCAAAGGGCT-1,2,2
TGGAACTGTATGGAAT-1,0,0
TGGAACTGTGCTTATG-1,1,4
TGGAACTTCACTGTCC-1,2,2
TGGAACTTCAGCTTGA-1,0,0
TGGAGAGAGACCAGCA-1,1,4
TGGAGAGAGCACTCGC-1,4,1
TGGAGAGCATTCAGGT-1,1,4
TGGAGGACAAAGGGTC-1,0,4
TGGATCAAGATCCAAA-1,2,2
TGGATCACACTTCATT-1,2,2
TGGATCACATACTGAC-1,2,7
TGGATCAGTTGGCCTG-1,1,2
TGGATGTAGCGTCTCG-1,1,4
TGGATGTCACTCATAG-1,0,4
TGGATGTCATTGCAAC-1,0,0
TGGATGTTCATCCCGT-1,3,6
TGGATGTTCGAAGGAC-1,0,0
TGGCGTGGTGCGGATA-1,1,4
TGGGAAGCACACAGCC-1,0,4
TGGGAAGGTAAGACCG-1,5,6
TGGGAAGTCACAAGAA-1,3,6
TGGGAGACAGGCGAAT-1,0,0
TGGGATTAGGTTCCAT-1,0,4
TGGGATTCAAGACGGT-1,7,0
TGGGATTGTCACAGTT-1,0,0
TGGGCGTAGCGTACAG-1,0,0
TGGGCGTCATACAGAA-1,2,2
TGGGCTGCACGGCCAT-1,4,1
TGGGCTGTCGGATTAC-1,4,1
TGGGTTATCACATTGG-1,0,0
TGGTACAAGCGTGTCC-1,1,4
TGGTACACACGACAGA-1,1,2
TGGTACAGTATAGGGC-1,0,0
TGGTACATCCCTCTAG-1,3,4
TGGTACATCCCTGGTT-1,2,2
TGGTACATCGGACGTC-1,0,0
TGGTAGTAGGGCCAAT-1,2,2
TGGTAGTCACAGAGCA-1,2,2
TGGTAGTCATCGCCTT-1,1,2
TGGTAGTGTTTCGTTT-1,0,0
TGGTTAGCACCAGGTC-1,0,0
TGGTTAGCATCGAAGG-1,5,6
TGTAACGAGGTCATTC-1,4,1
TGTAACGGTGAATGTA-1,0,0
TGTAACGGTGTGAGCA-1,3,6
TGTAACGTCAATCTTC-1,3,6
TGTAAGCAGTAACCGG-1,1,4
TGTAAGCTCTGCAGCG-1,2,4
TGTAGACAGTGGAATT-1,0,4
TGTAGACCAGGTGACA-1,1,4
TGTCAGACAGTCAGCC-1,3,6
TGTCCACGTTCTCCAC-1,2,0
TGTCCACTCTTACCAT-1,2,2
TGTCCTGAGAACGTGC-1,1,4
TGTCCTGAGGCCACTC-1,1,4
TGTCCTGCACGACTAT-1,0,4
TGTCCTGGTGGTATGG-1,1,4
TGTCCTGGTTACCTGA-1,0,0
TGTCCTGTCTGCGAGC-1,5,6
TGTGAGTAGTATGGCG-1,0,4
TGTGAGTGTTTGACAC-1,2,2
TGTGAGTTCCTGTAAG-1,1,4
TGTGAGTTCGGTGTTA-1,2,4
TGTGATGAGCATTTCG-1,0,0
TGTGATGCAGGGAGAG-1,0,4
TGTGATGCAGGGATAC-1,5,6
TGTGATGCATGCCGAC-1,3,6
TGTGATGGTCGTCAGC-1,2,2
TGTGCGGCAGAAGTGC-1,0,4
TGTGCGGCAGGCGAAT-1,3,6
TGTGCGGGTAAGGAGA-1,0,0
TGTGCGGTCTATCGGA-1,4,7
TGTGGCGTCATACGGT-1,2,2
TGTGTGACATAGAGGC-1,1,4
TGTGTGAGTCGCAACC-1,0,0
TGTGTGATCGAACTCA-1,1,4
TGTTACTAGTGAGTGC-1,2,2
TGTTCATCACACCTGG-1,3,6
TGTTCTAAGAATCTAG-1,3,6
TGTTCTAAGCGCACAA-1,1,1
TGTTCTACATTGCTGA-1,2,4
TGTTGAGAGTGGTTCT-1,1,4
TGTTGAGTCGCCGTGA-1,0,0
TGTTGGAAGCCGTTAT-1,0,7
TGTTGGAAGTCCCGAC-1,3,6
TGTTGGACACGAGAAC-1,0,4
TGTTGGACACGCACCA-1,2,0
TGTTGGAGTTTCGACA-1,7,0
TGTTGGATCCGGGACT-1,2,2
TGTTGGATCGACTCCT-1,2,7
TGTTTGTAGTCGTTAC-1,0,0
TGTTTGTGTAGTCGTT-1,0,7
TGTTTGTTCCTGTAGA-1,3,6
TTACAGGAGCACTCCG-1,2,4
TTACAGGCAGTTTGGT-1,7,6
TTACCATCAAGAAATC-1,1,4
TTACCATCACATGGTT-1,5,6
TTACCATCACCGTCGA-1,3,6
TTACCATGTTTGGAGG-1,2,2
TTACCATTCCACGGAC-1,0,0
TTACCGCTCACCACAA-1,2,0
TTACGCCAGTCGAAAT-1,0,0
TTACGCCCACCTAAAC-1,3,6
TTACGTTGTGATTAGA-1,5,6
TTACGTTGTGCCAAGA-1,1,4
TTACTGTAGCCGGATA-1,4,8
TTACTGTAGCTAATCC-1,0,0
TTACTGTCACGGCCAT-1,5,6
TTACTGTGTGCCGTTG-1,0,0
TTAGGCAAGCAGTAAT-1,0,7
TTAGGCAGTAAGAACT-1,0,0
TTAGGCATCTGACGCG-1,0,7
TTAGGGTAGAGGCGGA-1,0,0
TTAGGGTCAACGGTAG-1,0,0
TTAGGGTGTCCAAAGG-1,2,2
TTAGGGTGTCCTGTCT-1,3,6
TTAGGGTTCCTATGGA-1,0,4
TTAGTCTAGGTTTACC-1,0,0
TTAGTCTCAAACGGCA-1,2,2
TTAGTCTTCTCTAGGA-1,0,1
TTATTGCGTAGCGAGT-1,0,0
TTATTGCGTGGAGAAA-1,0,0
TTCAATCCACCGTCGA-1,0,0
TTCAATCTCGACCAAT-1,0,0
TTCACCGCAGGACAGT-1,3,6
TTCACGCGTTGCCATA-1,4,1
TTCACGCTCAGACATC-1,0,0
TTCAGGAAGATCCTAC-1,1,4
TTCATGTCAAATTGCC-1,0,0
TTCATGTCAACGTTAC-1,3,6
TTCATGTCAAGCACCC-1,0,0
TTCATTGCAAGGTCTT-1,0,0
TTCATTGCAATAAGGT-1,1,4
TTCCAATCATCCTATT-1,4,1
TTCCGGTCAACACAGG-1,1,4
TTCCGGTCATCGCCTT-1,0,0
TTCCGGTGTAAGACCG-1,2,2
TTCCGGTGTCTCGGGT-1,4,1
TTCCGGTTCCTTGGAA-1,0,0
TTCCTAACAGTGGGTA-1,3,6
TTCCTAAGTCGCTCGA-1,3,6
TTCCTAATCTTACGGA-1,1,2
TTCCTCTAGCCGCTTG-1,3,6
TTCCTTCAGGTGATAT-1,0,0
TTCCTTCCACAGCTGC-1,1,4
TTCGCTGAGTCTGGAG-1,1,4
TTCGCTGTCGACGAGA-1,1,4
TTCGCTGTCGAGAAAT-1,1,4
TTCGGTCCAAGCGCAA-1,2,2
TTCGGTCCATGGATCT-1,2,2
TTCGGTCTCGACTCCT-1,1,4
TTCTAACAGTACTGTC-1,1,4
TTCTAGTAGATCACCT-1,3,6
TTCTAGTCACTGGATT-1,1,4
TTCTCTCAGGTCATCT-1,1,2
TTCTCTCGTATCCTTT-1,2,4
TTCTCTCGTGCATACT-1,0,0
TTCTGTACAATGTCAC-1,5,6
TTCTGTAGTTGAGAGC-1,1,4
TTCTGTATCAAGATAG-1,4,7
TTCTGTATCACAACCA-1,1,4
TTCTTCCAGGCCCGTT-1,2,2
TTCTTCCCATGAATCC-1,0,0
TTCTTCCTCCGCGGAT-1,1,4
TTCTTCCTCGCATTGA-1,0,0
TTCTTGAGTTATGTCG-1,2,0
TTCTTGATCTCCATAT-1,2,2
TTGAACGAGTAGGAAG-1,3,6
TTGAACGTCCGTTGAA-1,0,0
TTGACCCAGACTACGG-1,2,2
TTGACCCCAATCTCTT-1,1,4
TTGACCCGTTAGGCCC-1,0,7
TTGACCCTCTATCACT-1,0,7
TTGAGTGCAAAGGATT-1,0,0
TTGAGTGCAAGGGCAT-1,0,8
TTGATGGAGCAGCGAT-1,2,4
TTGATGGGTGGCTTGC-1,1,2
TTGATGGTCAGACTGT-1,2,2
TTGCATTAGTCCGTCG-1,1,4
TTGCATTCACACCTAA-1,1,4
TTGCATTTCGAGAGAC-1,3,6
TTGCATTTCTGTCCCA-1,2,4
TTGCCTGAGACCCGCT-1,0,0
TTGCCTGCAAGGACAC-1,0,0
TTGCCTGCATCGGAAG-1,1,4
TTGCCTGGTCCACACG-1,3,6
TTGCCTGTCCCTTCCC-1,6,9
TTGCGTCAGCAGAAAG-1,2,2
TTGCTGCAGATAGTCA-1,3,6
TTGCTGCCAAAGCTAA-1,3,6
TTGCTGCGTATTTCTC-1,0,7
TTGGATGAGCAATAAC-1,1,4
TTGGATGAGCTGTCCG-1,1,4
TTGGATGCACAAGCAG-1,3,6
TTGGATGCAGGCATGA-1,3,6
TTGGATGTCACACCCT-1,1,4
TTGGGATAGTCATGCT-1,0,2
TTGGGATCAGGCACTC-1,3,6
TTGGGATTCAACTGGT-1,1,2
TTGGGATTCATCAGTG-1,4,6
TTGGGCGCACTTGAAC-1,0,0
TTGGGCGTCTTACTGT-1,0,1
TTGGGTAAGGATGCGT-1,0,7
TTGGGTACAAGTGGCA-1,0,0
TTGGGTAGTAGATTAG-1,2,2
TTGGGTATCATGAGTC-1,1,4
TTGGTTTAGAGAATCT-1,2,0
TTGGTTTGTAGTATAG-1,2,2
TTGGTTTGTTGATCGT-1,1,4
TTGGTTTTCCCATACC-1,4,1
TTGGTTTTCTAAACGC-1,1,4
TTGTTCAGTTATCTGG-1,3,6
TTGTTGTTCTGTCCCA-1,6,6
TTGTTTGGTAGCACAG-1,1,4
TTGTTTGGTCCAGTTA-1,1,4
TTGTTTGTCCACTTCG-1,0,0
TTTACGTCAATCTAGC-1,1,4
TTTACGTCAGCATCTA-1,2,2
TTTACGTTCCTCACTG-1,4,7
TTTACTGAGCCTGACC-1,4,7
TTTACTGAGCCTTTGA-1,0,1
TTTACTGCAGCTCATA-1,0,0
TTTACTGGTAGGTAGC-1,0,0
TTTACTGGTCTCTCTG-1,0,0
TTTAGTCAGAGTTGAT-1,0,0
TTTAGTCGTAGCGCTC-1,1,4
TTTAGTCGTCTAGATC-1,4,7
TTTATGCAGAAGCTGC-1,0,7
TTTATGCCAAGGCTTT-1,4,1
TTTATGCGTTTAGACC-1,1,4
TTTATGCTCGATCCCT-1,6,9
TTTATGCTCTGACCCT-1,1,4
TTTCACAAGCCAAGTG-1,3,2
TTTCACAAGGCACTAG-1,0,0
TTTCACAGTGAAAGTT-1,2,0
TTTCACAGTTGGACTT-1,2,2
TTTCACATCAGCCTCT-1,0,4
TTTCAGTCACATAGCT-1,4,1
TTTCAGTCAGAGGGTT-1,2,2
TTTCAGTGTACTCGTA-1,2,2
TTTCAGTTCCATCTGC-1,4,1
TTTCATGCAACAAGTA-1,3,0
TTTCATGCACCCTGAG-1,2,2
TTTCATGCACTCCGGA-1,2,2
TTTCATGGTTGACGGA-1,0,0
TTTCATGGTTGTTGAC-1,2,2
TTTCCTCGTTCTGAGT-1,1,4
TTTCCTCTCATACAGC-1,3,6
TTTCGATCAAACACCT-1,4,8
TTTCGATCAAATCAAG-1,3,4
TTTCGATTCTCGAGTA-1,1,4
TTTGACTGTCTACTGA-1,4,7
TTTGACTTCATGTCTT-1,2,2
TTTGATCAGGGATCTG-1,0,4
TTTGATCCAAGACTGG-1,2,2
TTTGATCCATCGCTGG-1,0,4
TTTGATCTCCTCTGCA-1,4,7
TTTGGAGCAAGTCCCG-1,1,4
TTTGGAGGTACGTTCA-1,2,2
TTTGGAGGTACTGGGA-1,2,2
TTTGGAGGTCATCTAG-1,3,6
TTTGGTTAGACCTTTG-1,2,2
TTTGGTTAGCAAGCCA-1,0,0
TTTGGTTAGGTAAAGG-1,0,0
TTTGGTTCACCTGCGA-1,2,2
TTTGGTTGTATACCCA-1,4,1
TTTGGTTGTGGCGTAA-1,0,0
TTTGTTGAGAAGTATC-1,3,6
TTTGTTGAGCCATGCC-1,4,4
TTTGTTGGTACTGTTG-1,0,0
